vendorCode;price
JTC-4907;1380
JTC-4908;1155
JTC-1528-22;1080
JTC-1528-21;1000
JTC-1040;330
JTC-1039;330
JTC-1041;290
JTC-6622;47900
JTC-4825B;30900
JTC-4702;500
JTC-4948;490
JTC-4918;510
JTC-4249;520
JTC-4919;390
JTC-1706;880
JTC-1707;900
JTC-1543-4;750
JTC-4917;480
JTC-7796;7700
JTC-4714;470
JTC-4321;300
JTC-6701;710
JTC-6702;695
JTC-6711;2350
JTC-1117;1690
JTC-6760;660
JTC-1936;595
JTC-1211;630
JTC-4040;1200
JTC-1606;595
JTC-1607;540
JTC-4701;530
JTC-5259;10500
JTC-4315;10800
JTC-6749;1500
JTC-4758;1750
JTC-1345A;1400
JTC-1346A;1880
JTC-1344A;1320
JTC-1935;710
JTC-1348;760
JTC-1347;2480
JTC-4010;1650
JTC-4008;1400
JTC-4009;1395
JTC-4007;1020
JTC-1919;1450
JTC-4043;4900
JTC-4272;7705
JTC-JW0768;1350
JTC-4232;1875
JTC-4708;602
JTC-1015;2200
JTC-4024;3250
JTC-4025;3300
JTC-4159;3520
JTC-JW0709;1770
JTC-1437;970
JTC-1903;500
JTC-1901;1900
JTC-4194;430
JTC-4041;1500
JTC-4042;2630
JTC-4486;730
JTC-4168;2265
JTC-1422P;400
JTC-1423P;795
JTC-4077;4200
JTC-JW0099;7650
JTC-4302;24980
JTC-1364;14985
JTC-1621A;3630
JTC-1010;7210
JTC-4898;2055
JTC-4899;2180
JTC-1618;450
JTC-1617;550
JTC-4723;580
JTC-1359;5340
JTC-4777;3750
JTC-1425;3720
JTC-JW0895;2500
JTC-JW0896;3020
JTC-1543;3150
JTC-4493;2250
JTC-4536;2250
JTC-4917S;3600
JTC-4918S;5120
JTC-4865;3850
JTC-6718;20200
JTC-6705S;24500
JTC-1236;5815
JTC-4774;1400
JTC-4497;23550
JTC-6756;10900
JTC-4205;1520
JTC-4206;2350
JTC-1009;1330
JTC-1251;2890
JTC-6638;4800
JTC-4262;14300
JTC-4053;11000
JTC-4208;8400
JTC-4850;3100
JTC-4682;5350
JTC-4944;5900
JTC-4517;10950
JTC-6703;10100
JTC-6704;27900
JTC-4901;8350
JTC-4052;8775
JTC-4054;11650
JTC-4435;7680
JTC-6628;6750
JTC-6786;2700
JTC-4229;7580
JTC-4294;20520
JTC-JW0918;6980
JTC-4515;7200
JTC-4767;4500
JTC-4845;6190
JTC-4513;6520
JTC-4771;5500
JTC-4050;6350
JTC-1253;530
JTC-4679;8150
JTC-2045;1880
JTC-2047;3410
JTC-2048;3595
JTC-JW0270;47900
JTC-1717;4400
JTC-1414;9900
JTC-1005;16300
JTC-4842A;19950
JTC-4683;12000
JTC-5467;14150
JTC-4526;4200
JTC-4383;27500
JTC-JW0826;20900
JTC-2120;1630
JTC-4201;8150
JTC-4757;4580
JTC-4027;2028
JTC-6759;1550
JTC-6722;690
JTC-4529;9800
JTC-JW1041;10600
JTC-6601;2430
JTC-4172B;13450
JTC-6618;3690
JTC-JW0715;5450
JTC-4520;24010
JTC-5468A;15400
JTC-JW0639;2270
JTC-4128;11050
JTC-4436;2500
JTC-4439;6820
JTC-6615;2250
JTC-6778;3640
JTC-4808;1390
JTC-4062;4495
JTC-4737;3180
JTC-4666;8400
JTC-4572;8650
JTC-4665;1980
JTC-JW0565;5200
JTC-JW0456;2880
JTC-4175;948
JTC-4174;1560
JTC-4186;2825
JTC-4843;8150
JTC-6630;6290
JTC-4090;1360
JTC-4173;2480
JTC-6697;5620
JTC-6694;4930
JTC-6633;2515
JTC-6633-P1;350
JTC-4712P;415
JTC-4721;3000
JTC-JW0769;6570
JTC-6692;7700
JTC-JW0512;4125
JTC-JW0475;8330
JTC-6696;6200
JTC-4460;7200
JTC-4461;5355
JTC-4469;5200
JTC-4244;13200
JTC-6676;6100
JTC-4156A;26600
JTC-JW0898;2952
JTC-4470;17000
JTC-4234;6185
JTC-1829;14600
JTC-4153B;9400
JTC-JW0781;2650
JTC-JW0780;2330
JTC-4712;2990
JTC-6677;11700
JTC-6678;17000
JTC-4656;665
JTC-4292;2620
JTC-4289;480
JTC-4288;580
JTC-4291;900
JTC-4290;480
JTC-4032;3500
JTC-4084;2870
JTC-1734;835
JTC-4324;1050
JTC-1736;1025
JTC-1737;1700
JTC-1735;900
JTC-4255P;945
JTC-1256-HA;225
JTC-4038-1;2370
JTC-4316;73800
JTC-1528;15000
JTC-6623;4650
JTC-4176;6990
JTC-4166;8650
JTC-5591;7000
JTC-6613;1800
JTC-4542;7400
JTC-1721;5320
JTC-1841;3250
JTC-5161;7700
JTC-5162;10500
JTC-1043;245
JTC-4510;2050
JTC-4342;4570
JTC-4484;680
JTC-4485;660
JTC-5438;865
JTC-4255;8100
JTC-6758;1520
JTC-1341;1360
JTC-6817;2150
JTC-1113;570
JTC-1820;6600
JTC-1245;8400
JTC-1424;4200
JTC-1520;4030
JTC-6775;2700
JTC-4397;1550
JTC-6664;1600
JTC-4579;5430
JTC-4406;2895
JTC-4407;3290
JTC-7767;2350
JTC-4273;1530
JTC-4775;1220
JTC-4422;15850
JTC-6723;12500
JTC-1244;2095
JTC-4212;2650
JTC-1510;4020
JTC-1732;5580
JTC-6746;4250
JTC-1603;1280
JTC-4525;4400
JTC-1730;505
JTC-4490;1750
JTC-4136S;9150
JTC-4136;5890
JTC-7771;12200
JTC-7780;4650
JTC-7795;4050
JTC-4477;2250
JTC-4523;3860
JTC-7774;11200
JTC-5185;1955
JTC-7798;6600
JTC-1904N;3955
JTC-1904T;3430
JTC-1937;3955
JTC-5590;9000
JTC-4480;1185
JTC-5180;1590
JTC-4488;900
JTC-77853;1600
JTC-77854;1600
JTC-77855;1600
JTC-77852;1500
JTC-2110;1580
JTC-77851;1480
JTC-1349;1590
JTC-1430;2780
JTC-4851;5110
JTC-1304;3400
JTC-1711;4420
JTC-1731;3875
JTC-1238;8050
JTC-1620;5195
JTC-JW0776;6590
JTC-4621;5655
JTC-4319;7130
JTC-4736-B;565
JTC-4316-W;2035
JTC-1444-L;2700
JTC-4735-B;520
JTC-4818-M;5425
JTC-1304-16;330
JTC-1304-19;315
JTC-1304-23;330
JTC-1304-25;375
JTC-1304-30;565
JTC-1524;5700
JTC-4054-D7;1700
JTC-4054-D8;1700
JTC-4054-D9;1720
JTC-1506;615
JTC-1504;570
JTC-1505;590
JTC-1501;390
JTC-1449;11780
JTC-1007;1315
JTC-1921;695
JTC-1426;17050
JTC-1626;3730
JTC-4806;19580
JTC-5826;1350
JTC-1408;985
JTC-1243;2860
JTC-4260;1430
JTC-4734;1700
JTC-4462;4500
JTC-6640;3730
JTC-4261;4265
JTC-4023;1585
JTC-1315;1050
JTC-1315-1;560
JTC-4078;3190
JTC-1949;1280
JTC-1716;1235
JTC-4341;3260
JTC-4722;1600
JTC-1608;750
JTC-1252;1300
JTC-1312A;2360
JTC-4489;2250
JTC-4452;635
JTC-7797;3950
JTC-4637;2170
JTC-4638;2170
JTC-1103;3100
JTC-4303;3820
JTC-4304;7750
JTC-4773;2000
JTC-4800;2560
JTC-4223;1220
JTC-1951;2420
JTC-1453;5050
JTC-5274;3400
JTC-1429;650
JTC-4571;425
JTC-4600;2050
JTC-4735;1150
JTC-4352;465
JTC-4353;465
JTC-6634;1530
JTC-1151;1280
JTC-4724;2950
JTC-4736;2000
JTC-1945;590
JTC-1601;730
JTC-1942;760
JTC-4095;1455
JTC-4904A;760
JTC-4859A;960
JTC-1114;540
JTC-1514;1380
JTC-6761;1250
JTC-1021;540
JTC-4667;650
JTC-1946;615
JTC-1235;550
JTC-1521;670
JTC-4611;640
JTC-4668;665
JTC-4669;650
JTC-4103;660
JTC-1403;580
JTC-1451;2950
JTC-1324;1405
JTC-1515;640
JTC-4695;710
JTC-1602;890
JTC-1947;600
JTC-4670;770
JTC-1522;650
JTC-1101;1330
JTC-4703;1150
JTC-4104;750
JTC-1516;1770
JTC-4612;740
JTC-1948;600
JTC-1523;2400
JTC-JW0001;3410
JTC-4339;1800
JTC-1448;4750
JTC-4246;1080
JTC-4247;1075
JTC-4248;1010
JTC-4245;1050
JTC-4458;4990
JTC-4646;2540
JTC-4927;9800
JTC-4279;1330
JTC-1028A;1480
JTC-1812;2620
JTC-1027;930
JTC-4869;2760
JTC-1350;6510
JTC-4922;825
JTC-4738;3380
JTC-4278;4950
JTC-1953;4620
JTC-1102;1720
JTC-4129;8400
JTC-4142;4650
JTC-4445;5800
JTC-4811;980
JTC-4943;420
JTC-1622;2450
JTC-4776;4880
JTC-4251;11050
JTC-4250;13350
JTC-1256;3200
JTC-1225E;14200
JTC-1225J;10100
JTC-1225;26300
JTC-1536;5900
JTC-4012;7600
JTC-6661;6750
JTC-4325;20660
JTC-1340A;10200
JTC-4326;6900
JTC-4925;2850
JTC-4926;5800
JTC-4846;4428
JTC-4038;2800
JTC-4866;660
JTC-4438;3430
JTC-4524;3140
JTC-1418;820
JTC-6670;1400
JTC-4343;2100
JTC-4344;1740
JTC-4750;3650
JTC-4684;1530
JTC-4092;3100
JTC-1723;960
JTC-1813;800
JTC-4031;16660
JTC-4030;2790
JTC-4849;4350
JTC-4099;16950
JTC-4277A;5800
JTC-4211;1650
JTC-4002;18699
JTC-4031-P;8080
JTC-4678;7450
JTC-4763;1940
JTC-4676;7450
JTC-4765;16850
JTC-4675;9350
JTC-4677A;3800
JTC-4770A;8350
JTC-1548;5970
JTC-4153-5;820
JTC-4929;6150
JTC-1314;2450
JTC-4809;1830
JTC-1831;1860
JTC-1902;2550
JTC-1513;3870
JTC-1533;1996
JTC-4409;4450
JTC-4013;4100
JTC-4167;2480
JTC-4385;3590
JTC-JW0081;2100
JTC-4184;3350
JTC-4821;2350
JTC-4026;2750
JTC-4823;2700
JTC-4085;3850
JTC-1209;3960
JTC-1830;2280
JTC-4755;4950
JTC-4685;820
JTC-1454;820
JTC-1423;2050
JTC-1022;4280
JTC-4061;5350
JTC-4613;1860
JTC-4740;4490
JTC-1814;980
JTC-1452A-B2;550
JTC-1452A-W;400
JTC-1452A-Y;480
JTC-4091-M10;2250
JTC-4091-M12;2511
JTC-4091-M14;2635
JTC-4091-M16;2700
JTC-4704-S10;2800
JTC-4704-S12;2760
JTC-4704-S14;2760
JTC-4704-S16;2760
JTC-4731;550
JTC-4133;3180
JTC-4713;615
JTC-7799;4600
JTC-4599;490
JTC-4598;530
JTC-1527;495
JTC-1366;460
JTC-1323-1022-66;660
JTC-1323-1022-36;520
JTC-1323-1022-38;520
JTC-1323-1022-39;520
JTC-1323-1022-40;555
JTC-1365;510
JTC-1014;2950
JTC-1210;3300
JTC-4589;1630
JTC-1025-18;2670
JTC-5307;580
JTC-5308;495
JTC-4065;7675
JTC-4064;5100
JTC-5150;895
JTC-5328;1190
JTC-1733;280
JTC-1911;1520
JTC-1329;2170
JTC-4269;2330
JTC-1353;1450
JTC-1212;1140
JTC-1546;1940
JTC-1918;1020
JTC-1532A;4580
JTC-1531;1580
JTC-1530;1850
JTC-5611;1160
JTC-6726;8900
JTC-4058L;5990
JTC-4236;6050
JTC-4058;5740
JTC-6769;3350
JTC-6820;5350
JTC-3431;2400
JTC-4890;2650
JTC-7792;21900
JTC-4075;16900
JTC-4880;6235
JTC-4164;9200
JTC-6647;8100
JTC-4528;21700
JTC-5176;8655
JTC-4178;2170
JTC-4225;7575
JTC-4158;1190
JTC-4454;4600
JTC-6770;25700
JTC-4091;29800
JTC-4650;5190
JTC-6627;21100
JTC-4306;17750
JTC-4307;18150
JTC-7791;11500
JTC-4468;7650
JTC-1323;16500
JTC-4463;24300
JTC-1613A;3430
JTC-4274;57300
JTC-1611A;3690
JTC-5595;12400
JTC-4660;825
JTC-5631;4350
JTC-5433;1860
JTC-1541;2605
JTC-4856;16800
JTC-4855;17500
JTC-5192;11780
JTC-5191;3610
JTC-5574;13195
JTC-5196;7525
JTC-5194;4440
JTC-1511;1770
JTC-1001A;14700
JTC-1141;5300
JTC-7687;21150
JTC-1145;7450
JTC-4831;29200
JTC-4704;90300
JTC-1144;14600
JTC-4144P;5270
JTC-1033;12800
JTC-4254;52300
JTC-1034;45770
JTC-5630;380
JTC-4219;2250
JTC-4355;2755
JTC-5607;280
JTC-5608;420
JTC-5609;480
JTC-39221;165
JTC-3922L1;225
JTC-39231;225
JTC-4876;15600
JTC-7808;4885
JTC-5489;4647
JTC-5157;3880
JTC-5171;2760
JTC-5173;1540
JTC-5172;2570
JTC-4165;1785
JTC-7807;3450
JTC-5179;3960
JTC-4113;4030
JTC-4483;1200
JTC-5496;19431
JTC-4055;7270
JTC-4487;665
JTC-6631;15000
JTC-1026;3350
JTC-4810;5040
JTC-1024;11250
JTC-5175;1645
JTC-5190;3520
JTC-1335;1160
JTC-4564;1450
JTC-1217;870
JTC-4482;840
JTC-5195;2575
JTC-1452A;5400
JTC-4687;8475
JTC-6667;3430
JTC-1020;10800
JTC-1050;13650
JTC-1537;62300
JTC-1045;7650
JTC-1023A;9750
JTC-1032;21800
JTC-1025;8300
JTC-1342;595
JTC-4826;1480
JTC-1343;760
JTC-4252;14300
JTC-1840;45200
JTC-4331;31300
JTC-4332;96000
JTC-1803;2500
JTC-6757;5580
JTC-J01;2650
JTC-5807;2880
JTC-4021;14388
JTC-4641;2030
JTC-4057;4265
JTC-3523;590
JTC-3524;750
JTC-7721L;190
JTC-7721;165
JTC-3932;82,5
JTC-1708;515
JTC-1709;350
JTC-4270;2050
JTC-4428;6500
JTC-1037;8500
JTC-1610A;7630
JTC-1559;18900
JTC-4829;2250
JTC-3926;742,5
JTC-5174;1025
JTC-4640;1400
JTC-1503;2950
JTC-1833;580
JTC-5193;5452
JTC-5573;5850
JTC-5177;960
JTC-4567;7125
JTC-4537;1580
JTC-5178;2360
JTC-1944;480
JTC-4871;2815
JTC-4705;11250
JTC-4039;5745
JTC-1035R-6;350
JTC-1035R-7;365
JTC-351712-J;1344
JTC-3928;1265
JTC-3460;530
JTC-4058-C;170
JTC-1404A;47500
JTC-1956;19700
JTC-1955;14500
JTC-6809;14800
JTC-4151;18800
JTC-1401;7450
JTC-F270;2380
JTC-F370;2550
JTC-1941;25200
JTC-6612;11020
JTC-4868;1350
JTC-PM420;41900
JTC-PM400;32000
JTC-PM410;33800
JTC-PM820;56900
JTC-PM800;39000
JTC-1943A;3290
JTC-1950;4650
JTC-4069;1960
JTC-5571;8900
JTC-5572;6170
JTC-4578;11800
JTC-1146;9700
JTC-4459;13100
JTC-5188;4230
JTC-5189;5520
JTC-4079;7500
JTC-4003;5115
JTC-F0416;1140
JTC-F0412;1100
JTC-F0428;1250
JTC-1916;2015
JTC-4643;5050
JTC-4644;5050
JTC-1316;1925
JTC-1247;1750
JTC-F1954;2800
JTC-1336;3260
JTC-1257;1750
JTC-1317;2150
JTC-1258;1790
JTC-1318;3490
JTC-1319;4300
JTC-1320;4650
JTC-4126;3590
JTC-1915;2400
JTC-5341;2650
JTC-4622;1940
JTC-4067;11850
JTC-1351;3720
JTC-1142A;7300
JTC-1035;15900
JTC-7759;20000
JTC-9025;5270
JTC-9035;10800
JTC-9000;1460
JTC-9005;1950
JTC-9015;2550
JTC-4204;6450
JTC-6729;4200
JTC-1143;14950
JTC-4817-1;38
JTC-4465;11250
JTC-4920S;11950
JTC-4466;14700
JTC-1628;5750
JTC-1629;5550
JTC-4816;7900
JTC-4920;6950
JTC-4817;9900
JTC-1259;6980
JTC-6790;15100
JTC-4873;9300
JTC-6802;14600
JTC-4661;3720
JTC-4190;3490
JTC-1727;1950
JTC-6748;4750
JTC-1843;11650
JTC-4672;10950
JTC-1836;6350
JTC-1036;3000
JTC-6732;3300
JTC-1839;2700
JTC-4098;3880
JTC-1129;820
JTC-1952;1040
JTC-1619;4280
JTC-1016;4190
JTC-1802;4190
JTC-6719;4100
JTC-1538A;1550
JTC-4514;19500
JTC-1142P;2100
JTC-1230;1076
JTC-4632;21750
JTC-4819;44500
JTC-1031;27100
JTC-5503;14780
JTC-JW0916;9900
JTC-1241;16200
JTC-4049;6050
JTC-1422;705
JTC-1035R;4800
JTC-4885;30500
JTC-3922;575
JTC-3923;530
JTC-3922L;655
JTC-1023A-A;880
JTC-1025-32;495
JTC-3430;500
JTC-4323;1260
JTC-1025-31;165
JTC-1025-33S;330
JTC-4663;1800
JTC-4857;3645
JTC-4213;500
JTC-4177;500
JTC-4162;830
JTC-4338;580
JTC-4181;590
JTC-4711;650
JTC-1415;1590
JTC-1339;730
JTC-1338;840
JTC-1614;1240
JTC-4909-3;990
JTC-JW0945;520
JTC-4902;555
JTC-JW0777;1800
JTC-4447;32500
JTC-4539;7800
JTC-4861;2600
JTC-1218;2900
JTC-1436;3950
JTC-1715;2505
JTC-1433;2085
JTC-1702;1550
JTC-1701;2470
JTC-4182;5850
JTC-4110;5900
JTC-4941A;3180
JTC-4693;965
JTC-4694;945
JTC-1313;10350
JTC-1123;1300
JTC-4696;850
JTC-4414;850
JTC-4410;650
JTC-1850;8136
JTC-4392;10500
JTC-4596;5700
JTC-4318;2690
JTC-6810;9680
JTC-1804C-OLD;9600
JTC-1804E;12760
JTC-4761;12250
JTC-4820AB;15650
JTC-1819-OLD;3600
JTC-4820AM;9520
JTC-4301;12100
JTC-1804S;3588
JTC-4242;18300
JTC-4203;36000
JTC-1306;4200
JTC-4442;41000
JTC-4161;9480
JTC-4221;17300
JTC-4624;4620
JTC-4209;5028
JTC-4210;9600
JTC-4263;33000
JTC-4199;24000
JTC-4464;16500
JTC-4293;4350
JTC-1847;8300
JTC-1127;27000
JTC-4620;12350
JTC-1809;6400
JTC-4337;11600
JTC-1215;14050
JTC-1557-OLD;14400
JTC-4097;20350
JTC-1553;14400
JTC-4334;21750
JTC-1556;7650
JTC-4154;11988
JTC-4476;14800
JTC-1725;1360
JTC-1846;16800
JTC-1805;9950
JTC-4432;8400
JTC-4441;8180
JTC-4171;12700
JTC-4169;14700
JTC-6796;9680
JTC-5165;31700
JTC-4276;19575
JTC-4924;770
JTC-6620;1790
JTC-6604;21700
JTC-4413S;22300
JTC-4413;16750
JTC-4429;5070
JTC-4375;14950
JTC-4376;58800
JTC-4923S;15000
JTC-1555B;16000
JTC-4618S;9225
JTC-4281;11200
JTC-4280;15000
JTC-4802;12250
JTC-4143;14950
JTC-4448;12900
JTC-4619AB;16200
JTC-4350;23700
JTC-4619A;14800
JTC-4349;15450
JTC-4117;13750
JTC-4235;11050
JTC-4378;38800
JTC-4299;27900
JTC-4759;21900
JTC-4760;14050
JTC-4243;13575
JTC-4214;5850
JTC-4580;44000
JTC-4266;14000
JTC-4228;8300
JTC-4915;10500
JTC-4185;2100
JTC-4618;4740
JTC-4762;5220
JTC-4923A;6500
JTC-4335;7500
JTC-JW0778;1700
JTC-JW0258;2300
JTC-1853;645
JTC-4498;2200
JTC-4157;3400
JTC-6816;990
JTC-4404;6225
JTC-4481;1290
JTC-4415;2570
JTC-4443;13425
JTC-4388;8550
JTC-6626;13700
JTC-1307;2750
JTC-4544;1240
JTC-1852;1050
JTC-4346;1550
JTC-4803;2135
JTC-4804;2720
JTC-4546;800
JTC-4384;8500
JTC-4896;3828
JTC-4512;1695
JTC-4377;7450
JTC-4549;640
JTC-4048;5505
JTC-4059;2605
JTC-5592;10950
JTC-5263;4430
JTC-4189;700
JTC-4231A;24350
JTC-6745;1780
JTC-6608;2050
JTC-4006;3100
JTC-4347;6200
JTC-1115;7350
JTC-4368;10750
JTC-4298;16660
JTC-7788;7700
JTC-7685;8600
JTC-4396;20700
JTC-1837;5300
JTC-4001;8450
JTC-4820A;18750
JTC-4820;42700
JTC-1126;10800
JTC-4728;8200
JTC-4028;1740
JTC-4416;3300
JTC-4910;6945
JTC-4720;2170
JTC-4822;3395
JTC-4345;5550
JTC-4183;12150
JTC-4187A;18400
JTC-4011A;1625
JTC-6660;830
JTC-4227;6750
JTC-4198;6588
JTC-1849;2988
JTC-6706;7990
JTC-4496;4455
JTC-1845;3348
JTC-1405;4180
JTC-1122;600
JTC-1420;830
JTC-1308;1250
JTC-4111;3500
JTC-4419;3100
JTC-4197;5748
JTC-4046;1380
JTC-1550;3335
JTC-4889;4180
JTC-4914;2420
JTC-1310A;9850
JTC-1801;13750
JTC-6705;16800
JTC-6663;16880
JTC-4878;2880
JTC-4145;810
JTC-6669;3400
JTC-6668;5600
JTC-4729;1480
JTC-1549;3025
JTC-4545;4960
JTC-6674;20250
JTC-4336;6900
JTC-4241;5500
JTC-4451;2635
JTC-4333;2715
JTC-4718A;6140
JTC-1842;1670
JTC-1712;2480
JTC-6709;5900
JTC-4709;1590
JTC-6644;5050
JTC-4761-3+7+8;3050
JTC-6606;2170
JTC-4430;8550
JTC-4348;920
JTC-1011;2420
JTC-1848A;12000
JTC-6821;5130
JTC-4146;7300
JTC-6675;4580
JTC-4741;860
JTC-6671;3030
JTC-4060;2490
JTC-4239;3180
JTC-4732;1650
JTC-4114;3970
JTC-1703;1520
JTC-6712;4730
JTC-1806;3420
JTC-1309;18300
JTC-4132;1770
JTC-1558A;9600
JTC-1435A;14250
JTC-1807;6500
JTC-1808;15300
JTC-4909;24150
JTC-1331;1235
JTC-1332;3490
JTC-4521;2450
JTC-4543;18350
JTC-4848;4720
JTC-4047;13050
JTC-1714;1800
JTC-4202;4650
JTC-4727A;2100
JTC-6713;6200
JTC-4906;4350
JTC-1231;1150
JTC-1232;1280
JTC-1234;2600
JTC-1233;2920
JTC-4690;2250
JTC-4035;850
JTC-1368;405
JTC-1562;1300
JTC-4518;375
JTC-4386;690
JTC-1367;440
JTC-4029;345
JTC-1303;380
JTC-1216;600
JTC-1718;700
JTC-4844;330
JTC-VAE1157;6300
JTC-4697;1935
JTC-4507;685
JTC-4928-2;1300
JTC-4768A-4;1750
JTC-4371;1750
JTC-4778;1455
JTC-4322;1760
JTC-6642;1440
JTC-1326;1860
JTC-1325;2015
JTC-4921;1540
JTC-JW0089;990
JTC-1525;1190
JTC-4686;615
JTC-4671;1790
JTC-JW1086;2180
JTC-4230;580
JTC-6743;6400
JTC-6747;14000
JTC-4456;10500
JTC-4457;10300
JTC-4094;3100
JTC-4382;7200
JTC-4382K;8000
JTC-4854;3475
JTC-4853;6970
JTC-4152;5350
JTC-4351;5100
JTC-6621;10500
JTC-7777;22300
JTC-4305;40500
JTC-4308;14700
JTC-4566;14000
JTC-4928;12500
JTC-1328;2540
JTC-4418;2980
JTC-4320;7050
JTC-4905;2790
JTC-4449;2220
JTC-5468;15100
JTC-4509;3100
JTC-4930;4650
JTC-4931;28000
JTC-4172;8100
JTC-4431;11160
JTC-4437;4960
JTC-4440;9000
JTC-4423;11160
JTC-4434;4960
JTC-4381;10600
JTC-4034;5770
JTC-JW0820;5250
JTC-4367;2750
JTC-4036;2990
JTC-4033;3950
JTC-4037;5200
JTC-4769;3255
JTC-4330;5450
JTC-JW0800;6750
JTC-4086;14850
JTC-4087;14300
JTC-4421;1900
JTC-4380;200
JTC-5340;500
JTC-5586;2650
JTC-4768A-1;1980
JTC-1006;1740
JTC-4505;1940
JTC-4506;865
JTC-4398;820
JTC-4560;12690
JTC-4710;13780
JTC-4807;15850
JTC-4370;1980
JTC-4420;1810
JTC-4574;1720
JTC-4575;1840
JTC-JW0831;2250
JTC-4573;3350
JTC-6636;2100
JTC-4862-3;1300
JTC-4501;1050
JTC-4472;3900
JTC-4265;1280
JTC-4748;2105
JTC-1012;2820
JTC-4508;765
JTC-1443;1040
JTC-4140;780
JTC-4083;14450
JTC-1327;2400
JTC-1003;10005
JTC-1526;2480
JTC-1305;18950
JTC-4649;5250
JTC-4884;3700
JTC-4491;495
JTC-6635;2350
JTC-6807;3100
JTC-4102S;1700
JTC-4503;1985
JTC-4504;3900
JTC-4379;330
JTC-6616;10650
JTC-6605;15700
JTC-4562;4495
JTC-4224;3750
JTC-4188;7450
JTC-4471;3650
JTC-4615;1260
JTC-4616;1260
JTC-4617;1280
JTC-1116;1810
JTC-4879;1150
JTC-4112;3800
JTC-4911;1200
JTC-1432;545
JTC-JW0771;36700
JTC-4862;5890
JTC-4417;3955
JTC-6643;1000
JTC-4282;1890
JTC-4285;3350
JTC-4284;1450
JTC-4286;1439
JTC-4742;408
JTC-4893;5550
JTC-4895;3490
JTC-4883;3730
JTC-4881;6600
JTC-4882;1440
JTC-4502;2980
JTC-6727;2330
JTC-1427;560
JTC-4745;2550
JTC-JW0775;3570
JTC-6789;3150
JTC-4647;4725
JTC-4743;2350
JTC-4847;5270
JTC-4769-1;835
JTC-4109;2690
JTC-4108;1000
JTC-4931-2+6;5115
JTC-1547;1050
JTC-1518;545
JTC-1519;560
JTC-1431;1180
JTC-4942;530
JTC-4089;530
JTC-6691;2230
JTC-4746;5365
JTC-4259;1650
JTC-4180;1550
JTC-4450;3720
JTC-4664;390
JTC-4928-3A;1200
JTC-4576;10280
JTC-4652;8300
JTC-1337;3720
JTC-6750;3900
JTC-4768A;4200
JTC-1428;1710
JTC-4673;4100
JTC-4931-5;2190
JTC-4653;595
JTC-4928-1;1930
JTC-4372;3250
JTC-4369;3410
JTC-4102;745
JTC-1508;3450
JTC-4654;3450
JTC-4674;1530
JTC-1726;2560
JTC-4387;6430
JTC-4391;1700
JTC-4411;21000
JTC-4412;10730
JTC-4405;42300
JTC-4739A;13275
JTC-4216;710
JTC-4141;3490
JTC-6639;8990
JTC-4648;3900
JTC-4121;2400
JTC-4393;1450
JTC-4394;3075
JTC-4237;790
JTC-4824;1620
JTC-4681;2150
JTC-1133;455
JTC-1719A;510
JTC-6721P;170
JTC-4631-21;4450
JTC-5629;1850
JTC-1439;2590
JTC-4870;1400
JTC-1705;480
JTC-1704;785
JTC-1612;415
JTC-1248;2820
JTC-1249;1100
JTC-6754;2850
JTC-6716;2100
JTC-4534;970
JTC-5617;2020
JTC-5536;995
JTC-5618;1620
JTC-5618A;1620
JTC-5619;1635
JTC-5209;1340
JTC-5550;4260
JTC-5616;2000
JTC-3205;830
JTC-5621;1280
JTC-I010;2400
JTC-4631-04;1350
JTC-1137;2250
JTC-3005;1700
JTC-1134;1120
JTC-4627;18060
JTC-4707;25900
JTC-4636;21900
JTC-1402;28200
JTC-4317;3700
JTC-JW0878;4575
JTC-1363;4020
JTC-1361;5810
JTC-4081;1600
JTC-4082;4620
JTC-1529;2710
JTC-6673;10580
JTC-4446;5580
JTC-I006;17400
JTC-I008;14000
JTC-I007;6450
JTC-2027;3350
JTC-2028;3360
JTC-2020A;1750
JTC-1438;14700
JTC-4790;6200
JTC-4195;1720
JTC-VP125;18900
JTC-VP225;29450
JTC-5622;2170
JTC-2025;820
JTC-2043;2050
JTC-2024;1105
JTC-2023;1000
JTC-2021;2790
JTC-1008;315
JTC-1357;1625
JTC-1153;6990
JTC-1356;4750
JTC-1447;710
JTC-1509-OLD;8700
JTC-1354;565
JTC-1922;1060
JTC-1507;140
JTC-1409A;4580
JTC-5112;1240
JTC-4657;2730
JTC-1827;620
JTC-1834;630
JTC-6648;485
JTC-1360A;7700
JTC-4872;528
JTC-1609;3830
JTC-16095;880
JTC-5197;1025
JTC-1720A;930
JTC-5513;5450
JTC-5514;5450
JTC-1260;1105
JTC-4801;2950
JTC-1107;3180
JTC-1138;540
JTC-1139;545
JTC-4433;9135
JTC-5628;835
JTC-1358;1520
JTC-4601;540
JTC-1407;7080
JTC-1441;2200
JTC-1440;5450
JTC-4582;2070
JTC-1227A;11250
JTC-6721;25700
JTC-J027;795
JTC-4614B;16800
JTC-4533;6670
JTC-5916;920
JTC-4196;1250
JTC-4805;2000
JTC-4631;80900
JTC-1409;28500
JTC-1105;9850
JTC-1106;6590
JTC-1224;60900
JTC-3462A;33900
JTC-7724;13200
JTC-7725;14500
JTC-3102;14400
JTC-3462B;35100
JTC-1551;950
JTC-4631-22;315
JTC-1445;3200
JTC-1444;5890
JTC-1132;700
JTC-1261;250
JTC-4056;735
JTC-1242;835
JTC-1633;1600
JTC-2513;1488
JTC-2510;3000
JTC-YC104;6990
JTC-C506;8030
JTC-C801;8950
JTC-C503;5800
JTC-C603;7750
JTC-C302;3480
JTC-C102NN;4430
JTC-C101N;4050
JTC-C601N;6820
JTC-C301;3550
JTC-C303;5660
JTC-C102;3850
JTC-C102N;3950
JTC-C701;4480
JTC-C402;6080
JTC-C101;3250
JTC-C601;6510
JTC-C802;4080
JTC-C702;4650
JTC-C203;5500
JTC-C703;5890
JTC-C602;8025
JTC-JW0915-3;1650
JTC-JW0915-4;1650
JTC-JW0915-5;2300
JTC-JW0915-6;2470
JTC-JW0915-8;4050
JTC-JW0914-3;1220
JTC-JW0914-4;1200
JTC-JW0914-5;1550
JTC-JW0914-6;1760
JTC-JW0914-8;2980
JTC-JW0913-3;420
JTC-JW0913-4;420
JTC-JW0913-5;560
JTC-JW0913-6;610
JTC-JW0913-8;995
JTC-C905;3750
JTC-8P115;1720
JTC-YC105;10400
JTC-2504;530
JTC-2521;175
JTC-5472;4580
JTC-5824;1950
JTC-5708;2790
JTC-2535;1600
JTC-2539;1450
JTC-2538;1790
JTC-2537;2100
JTC-2536;1640
JTC-2540;1250
JTC-2541;810
JTC-4530;5050
JTC-2503;2500
JTC-YC100;7300
JTC-2533;1630
JTC-2534;1870
JTC-2530;1940
JTC-2531;1150
JTC-2532;1130
JTC-YC900;6050
JTC-5232;2330
JTC-2557;3744
JTC-6699;9380
JTC-2554;10500
JTC-4275;6970
JTC-8P105;10200
JTC-2524;1320
JTC-2520;1180
JTC-2562;5760
JTC-2561;5600
JTC-2560;5600
JTC-4893-6;310
JTC-4893-7;310
JTC-4893-8;310
JTC-4893-9;155
JTC-8P111;4650
JTC-3527;2250
JTC-3528;2100
JTC-JW0164;9150
JTC-8P116;2560
JTC-2525;5150
JTC-8P117;4620
JTC-JW0613;14550
JTC-2556;3450
JTC-2542;1360
JTC-2543;1620
JTC-2544;795
JTC-2545;610
JTC-2546;420
JTC-2547;600
JTC-2548;455
JTC-2549;870
JTC-2551;1250
JTC-2552;1150
JTC-2553;1630
JTC-6659;790
JTC-2501;3690
JTC-3529;4800
JTC-3530;4495
JTC-3531;6510
JTC-YC102;10200
JTC-YC101;14800
JTC-3526;2080
JTC-C901;2550
JTC-C903;2250
JTC-2522;2870
JTC-7676;415
JTC-5002;2050
JTC-4756-2;1350
JTC-6651;1100
JTC-4565;2950
JTC-5561;10800
JTC-8P104;800
JTC-8P103;880
JTC-8P109;3590
JTC-8P107;9870
JTC-8P106;3050
JTC-8P102;14100
JTC-1517-R1;4960
JTC-2523;950
JTC-8P110;7950
JTC-2506;200
JTC-2514;930
JTC-4015;1200
JTC-4830;2900
JTC-5121;1100
JTC-4191;5350
JTC-4193;5450
JTC-4192;4850
JTC-5249;6150
JTC-1207;4500
JTC-5256;3320
JTC-6793;560
JTC-5286;8925
JTC-4107;2850
JTC-6728;3400
JTC-4716;7450
JTC-5242;1400
JTC-1615;915
JTC-7776;5500
JTC-5261;9150
JTC-4139;2020
JTC-5293;3570
JTC-5288;2445
JTC-5181;1650
JTC-5248;1000
JTC-5239;2895
JTC-4105;2077
JTC-7772;3350
JTC-7773;3350
JTC-5292;960
JTC-1254;2550
JTC-4715;3255
JTC-1855;2150
JTC-1560;7450
JTC-5598;9100
JTC-5597;6350
JTC-5260;8000
JTC-5151;8650
JTC-1859;8200
JTC-1856;8770
JTC-4717;8850
JTC-1857;9150
JTC-5152;8200
JTC-5287;7000
JTC-4698;5500
JTC-5299;7700
JTC-5470;7350
JTC-7781;11000
JTC-5250;12950
JTC-5252;11900
JTC-5251;10500
JTC-5258;4005
JTC-7684;8200
JTC-5254;7740
JTC-5296;7750
JTC-5267;17300
JTC-5253;11050
JTC-5268;8250
JTC-1561;8950
JTC-1912;850
JTC-5546A;1520
JTC-JW1083;5000
JTC-5473;2400
JTC-5474;2630
JTC-5122;2170
JTC-5123;2170
JTC-5124;2190
JTC-4218;10730
JTC-5469;825
JTC-6737;800
JTC-5271;3975
JTC-1517-M;4000
JTC-J616C;10350
JTC-4115;43200
JTC-JW0011;6690
JTC-4147;44600
JTC-5240;40500
JTC-4577;6900
JTC-4150;16850
JTC-1213S;2480
JTC-4559;2880
JTC-4886;13350
JTC-4360;3210
JTC-5579;1235
JTC-4877;1080
JTC-1239;980
JTC-4045;15190
JTC-4756;3335
JTC-4220;6800
JTC-5156;3555
JTC-5155;3555
JTC-5498;4468
JTC-5284;5050
JTC-5491;5243
JTC-5490;3635
JTC-4068;23650
JTC-5170;10700
JTC-5482;36900
JTC-5481;29900
JTC-5290;9900
JTC-4118;7530
JTC-7786;22950
JTC-5458;12830
JTC-5262;2950
JTC-5285;2330
JTC-5291;4100
JTC-5297;3550
JTC-5298;2100
JTC-5266;3950
JTC-5578;845
JTC-5182;1230
JTC-5577;1950
JTC-4593;24600
JTC-6602;6820
JTC-5289;3225
JTC-5580;6600
JTC-5184;6360
JTC-5495;18922
JTC-5576;1830
JTC-5479;21883
JTC-5486;37800
JTC-7789;14300
JTC-5466;8300
JTC-4364;7200
JTC-7775;14250
JTC-5283;5580
JTC-5460;14580
JTC-4148;7590
JTC-4366;3140
JTC-5459;11480
JTC-5465;6420
JTC-5464;5530
JTC-7769;11880
JTC-7787;6550
JTC-5487;7044
JTC-5488;10380
JTC-5480;18683
JTC-4357;2830
JTC-5492;13840
JTC-5499;55200
JTC-5494;6279
JTC-5483;26857
JTC-4887;9600
JTC-4888;14700
JTC-5247;10480
JTC-5183;1200
JTC-1517;66000
JTC-5164;8300
JTC-5163;7640
JTC-5484;36500
JTC-4116;14770
JTC-4019;2670
JTC-4751;5270
JTC-4752;9700
JTC-5243;11100
JTC-7683;28500
JTC-5485;34000
JTC-5154;39200
JTC-7784;18200
JTC-5493;20800
JTC-5186;3535
JTC-5276;6950
JTC-5277;6990
JTC-4363;5190
JTC-5575;4495
JTC-4070;14300
JTC-4071;14715
JTC-4072;17600
JTC-4073;13100
JTC-4074;20115
JTC-5272;23200
JTC-5167;47655
JTC-6801;10700
JTC-5246;12450
JTC-5244;42000
JTC-4017;5945
JTC-4365;1060
JTC-5294;3045
JTC-5158;2730
JTC-5187;3050
JTC-4706;1885
JTC-5476;1815
JTC-5477;2350
JTC-4402;2370
JTC-4403;2470
JTC-4401;2840
JTC-4018;1176
JTC-5587;8650
JTC-4356;4000
JTC-4226;6350
JTC-5245;12200
JTC-4891;14700
JTC-4753;9800
JTC-5478;25950
JTC-5463;65500
JTC-5497;12110
JTC-4818;22300
JTC-4358;2685
JTC-5160;2450
JTC-4467;2940
JTC-4354;2290
JTC-4362;6500
JTC-4359;2400
JTC-4547;2130
JTC-TOE100;27400
JTC-TOE160;34000
JTC-TOE025;16580
JTC-TOE200;45900
JTC-TOE040;18950
JTC-TOE060;23700
JTC-FJ1000;48600
JTC-SJ22;42600
JTC-SJ23-OLD;33600
JTC-SJ2000;36700
JTC-SJ3000;35800
JTC-SJ5000;58100
JTC-EC1009;41000
JTC-ES809P;11900
JTC-CP210;1010
JTC-CP330;2745
JTC-HB610;89300
JTC-HB210;31900
JTC-HD204;20800
JTC-PB810;40500
JTC-HB510;35900
JTC-8P101A;25500
JTC-8P120;29300
JTC-HA350;12150
JTC-HB600;14850
JTC-HA600;13350
JTC-HA700;13950
JTC-UBP1201;43600
JTC-SP220B;55400
JTC-7648;3100
JTC-7645;1030
JTC-7646;1680
JTC-7647;2150
JTC-CP350;2530
JTC-ES909;90500
JTC-ES707;47700
JTC-ES809;56700
JTC-ES450;14250
JTC-JS1228;16600
JTC-JS1224;15200
JTC-JS1218;14850
JTC-JS303;7150
JTC-TJ490;45300
JTC-TJ800;57700
JTC-US1175;13800
JTC-US1180;14850
JTC-TJ530;58900
JTC-ES416;13600
JTC-ES417;19400
JTC-ES415;11200
JTC-ES420;18700
JTC-PL2500;8600
JTC-BK1006;15800
JTC-RC1010;13200
JTC-RA106A;8800
JTC-RC101;7400
JTC-RC023;3380
JTC-3506;960
JTC-3501;540
JTC-5351;685
JTC-5352;730
JTC-7819;1330
JTC-3117;1520
JTC-7690;3180
JTC-K7086;2900
JTC-K7061;3200
JTC-5115;2100
JTC-K7091;2590
JTC-3925;2100
JTC-3301;1990
JTC-7723;24990
JTC-K7085;3230
JTC-3521;290
JTC-193810;350
JTC-332307;315
JTC-7695;320
JTC-5222;390
JTC-7821;290
JTC-3707;175
JTC-7628;160
JTC-5448;170
JTC-7602;130
JTC-7630;195
JTC-7632;230
JTC-7606;270
JTC-5450;230
JTC-7604;175
JTC-5452;290
JTC-5407;415
JTC-3708;185
JTC-7610;250
JTC-7618;350
JTC-7612;275
JTC-7626;395
JTC-7634;335
JTC-5456;400
JTC-7614;350
JTC-7608;170
JTC-3470;425
JTC-5409;420
JTC-3710;305
JTC-7616;350
JTC-7620;510
JTC-3712;350
JTC-7636;435
JTC-7622;620
JTC-7638;510
JTC-7624;725
JTC-3209;570
JTC-7639;230
JTC-7640;255
JTC-19382;370
JTC-7701;390
JTC-19385;350
JTC-19386;350
JTC-19387;385
JTC-7704;380
JTC-19388;370
JTC-3612;330
JTC-3701;1200
JTC-3207;1590
JTC-5410;2100
JTC-3210;600
JTC-7627;155
JTC-3802;95
JTC-5447;185
JTC-7601;135
JTC-5453;350
JTC-5449;265
JTC-7629;200
JTC-7631;215
JTC-7605;290
JTC-7603;190
JTC-5406;400
JTC-5451;290
JTC-3709;195
JTC-7609;250
JTC-7617;340
JTC-7611;275
JTC-7625;395
JTC-7633;310
JTC-7613;335
JTC-7607;175
JTC-3469;470
JTC-5408;540
JTC-3711;320
JTC-7615;400
JTC-7619;495
JTC-3713;340
JTC-7635;435
JTC-7621;580
JTC-7637;510
JTC-7623;680
JTC-51277;950
JTC-34268;1120
JTC-34278;580
JTC-3311;1360
JTC-4116-J;1700
JTC-5624-T90;830
JTC-5624-TS;820
JTC-5624;14560
JTC-4066;1705
JTC-SB175;725
JTC-5404;1100
JTC-5403;1100
JTC-5712;1230
JTC-1728;850
JTC-SB230;1150
JTC-5711;1200
JTC-5709;1200
JTC-SB300;1850
JTC-SS300;1950
JTC-HB175;730
JTC-HS175;730
JTC-5402;1100
JTC-5401;1100
JTC-5710;1170
JTC-HB230;1100
JTC-HS230;1100
JTC-HB300;1940
JTC-HS300;1940
JTC-3316;1000
JTC-3471;3800
JTC-5623;11030
JTC-1150;1030
JTC-1147;900
JTC-1148;2400
JTC-1149;3270
JTC-SS175;750
JTC-SS230;1100
JTC-34236;870
JTC-51286;850
JTC-3813;645
JTC-34248;1120
JTC-34238;1080
JTC-3820;1360
JTC-3819;1330
JTC-5713;2100
JTC-5910;2140
JTC-5909;2100
JTC-3313;1440
JTC-3314;1550
JTC-3312;1470
JTC-1353010;55
JTC-1253007;30
JTC-1253008;30
JTC-11525015;20
JTC-1152510;60
JTC-1357510;90
JTC-1353012;75
JTC-1357512;115
JTC-11525025;19
JTC-1152502;20
JTC-1152503;20
JTC-1152504;19
JTC-1353004;45
JTC-1357504;85
JTC-11525055;20
JTC-1152505;20
JTC-1353005;52
JTC-1357505;85
JTC-1152506;20
JTC-1353006;50
JTC-1357506;85
JTC-1152507;35
JTC-1353007;55
JTC-1357507;85
JTC-1152508;40
JTC-1353008;55
JTC-1357508;90
JTC-1152509;55
JTC-1353009;55
JTC-1357509;90
JTC-11A2501;18
JTC-11A2502;20
JTC-12A3002;30
JTC-12A3003;35
JTC-1373010;50
JTC-1377510;90
JTC-1373012;85
JTC-1377512;130
JTC-1373013;100
JTC-1377513;140
JTC-1373014;95
JTC-1377514;130
JTC-1373004;55
JTC-1377504;85
JTC-1373005;55
JTC-1377505;85
JTC-1373006;55
JTC-1377506;85
JTC-1373007;55
JTC-1377507;85
JTC-1373008;55
JTC-1377508;85
JTC-1373009;55
JTC-1377509;90
JTC-1363010;55
JTC-1367510;90
JTC-1363012;70
JTC-1367512;115
JTC-1367514;140
JTC-1367516;165
JTC-1363005;60
JTC-1367505;90
JTC-1363006;55
JTC-1367506;90
JTC-1363007;55
JTC-1367507;90
JTC-1363008;55
JTC-1367508;90
JTC-1363009;60
JTC-1367509;90
JTC-1142510;25
JTC-1132510;30
JTC-1333010;50
JTC-1337510;80
JTC-1142515;25
JTC-1333015;55
JTC-1337515;85
JTC-1142520;25
JTC-1333020;55
JTC-1337520;90
JTC-1142525;20
JTC-1333025;55
JTC-1337525;85
JTC-1142527;25
JTC-1333027;60
JTC-1337527;90
JTC-1142530;20
JTC-1333030;55
JTC-1337530;85
JTC-1142535;25
JTC-1337535;85
JTC-1142540;20
JTC-1331240;140
JTC-1333040;55
JTC-1337540;90
JTC-1331245;160
JTC-1333045;55
JTC-1337545;90
JTC-1333047;60
JTC-1132504;25
JTC-1331250;150
JTC-1333050;55
JTC-1337550;90
JTC-1331255;180
JTC-1333055;55
JTC-1337555;85
JTC-1132505;25
JTC-1333060;70
JTC-1337560;125
JTC-1142506;30
JTC-1132506;30
JTC-1337570;150
JTC-1142507;30
JTC-1132507;30
JTC-1142508;20
JTC-1132508;30
JTC-1142509;20
JTC-1132509;30
JTC-1112500;16
JTC-1112501;19
JTC-1115001;35
JTC-1112502;19
JTC-1113002;20
JTC-1213002;35
JTC-1213602;50
JTC-1218002;70
JTC-1112503;19
JTC-1113003;20
JTC-1213003;37
JTC-1213603;50
JTC-1218003;70
JTC-1213004;37
JTC-1122503;17
JTC-1122504;20
JTC-12230055;30
JTC-1122505;20
JTC-11225055;20
JTC-11230055;21
JTC-1123006;20
JTC-11225065;20
JTC-11230065;21
JTC-1123007;21
JTC-1223007;35
JTC-1223008;37
JTC-1223010;50
JTC-1223610;55
JTC-1228010;95
JTC-1223012;65
JTC-1223608;50
JTC-1228008;75
JTC-3933;3190
JTC-3509;3230
JTC-5715;2500
JTC-5610;3190
JTC-3965;2120
JTC-51266;860
JTC-3814;950
JTC-5714;1060
JTC-34257;1080
JTC-34258;1200
JTC-6753;1550
JTC-11R;1390
JTC-18R;2100
JTC-2555;2100
JTC-JW0892;1500
JTC-10WR;930
JTC-3705;1380
JTC-5056;1570
JTC-20R;1350
JTC-5405;1300
JTC-5WR;745
JTC-6LN;750
JTC-7WR;880
JTC-9LN;890
JTC-6641;2190
JTC-5057;1950
JTC-4585;1500
JTC-4586;1545
JTC-8R;1050
JTC-9R;1300
JTC-5619A;1700
JTC-5620;1250
JTC-3318;745
JTC-342810;1250
JTC-51258;1400
JTC-71610;130
JTC-71612;155
JTC-71614;215
JTC-71616;245
JTC-71618;510
JTC-71605;55
JTC-71606;60
JTC-71608;95
JTC-71410;55
JTC-71415;60
JTC-71420;60
JTC-71425;60
JTC-71427;66
JTC-71430;68
JTC-71440;78
JTC-71445;91
JTC-71450;125
JTC-71455;160
JTC-71460;215
JTC-4093;1360
JTC-JW0242-10;1570
JTC-JW0242-12;1850
JTC-JW0242-14;2080
JTC-JW0242-18;2970
JTC-JW0242-24;5120
JTC-JW0242-36;10300
JTC-JW0242-48;17300
JTC-JW0242-8;1420
JTC-JW10841;1850
JTC-JW10842;2750
JTC-JW10843;4350
JTC-715015;20
JTC-71510;100
JTC-72510;165
JTC-73510;155
JTC-71511;175
JTC-72511;275
JTC-71512;175
JTC-72512;290
JTC-73512;255
JTC-71513;250
JTC-72513;325
JTC-73513;360
JTC-71514;275
JTC-72514;455
JTC-73514;510
JTC-71516;450
JTC-71517;470
JTC-72517;720
JTC-73517;890
JTC-71519;655
JTC-72519;940
JTC-73519;800
JTC-715025;20
JTC-71521;760
JTC-71522;810
JTC-71524;1040
JTC-71502;20
JTC-72502;35
JTC-715035;20
JTC-71503;25
JTC-72503;45
JTC-73503;50
JTC-71504;30
JTC-72504;60
JTC-73504;60
JTC-71505;40
JTC-72505;70
JTC-73505;75
JTC-71506;50
JTC-72506;90
JTC-73506;90
JTC-73006;115
JTC-71507;50
JTC-72507;115
JTC-73507;95
JTC-71508;80
JTC-72508;110
JTC-73508;130
JTC-71509;100
JTC-5354;710
JTC-3924;1200
JTC-5356;580
JTC-3502;545
JTC-3503;610
JTC-5355;860
JTC-5353;950
JTC-3504;825
JTC-5130;730
JTC-3505;950
JTC-5350;1040
JTC-3629;1440
JTC-3003;2750
JTC-3002;2750
JTC-7708;4200
JTC-U11MC;680
JTC-3006;70
JTC-5007;115
JTC-5010;365
JTC-3608;190
JTC-3609;270
JTC-3610;280
JTC-3606;130
JTC-3607;135
JTC-3818;465
JTC-3815;215
JTC-3816;240
JTC-5008;130
JTC-5009;165
JTC-3621;235
JTC-3622;325
JTC-3619;160
JTC-3620;165
JTC-3906;495
JTC-3907;810
JTC-5903;5660
JTC-5118;4220
JTC-3040;550
JTC-3718;450
JTC-3617;980
JTC-3618;1450
JTC-3618B;1150
JTC-3624;1530
JTC-7802;1970
JTC-3716;155
JTC-3714;340
JTC-7732;1320
JTC-5810;5580
JTC-5117;1600
JTC-3729;1705
JTC-3717;280
JTC-7733;1650
JTC-5344;920
JTC-3740;160
JTC-5538;630
JTC-7738;3350
JTC-7650;1120
JTC-7737;2680
JTC-7649;880
JTC-3442;1700
JTC-3617P;225
JTC-3624P;465
JTC-3714P;160
JTC-3715P;150
JTC-5810P;1750
JTC-5213;1070
JTC-4940;54600
JTC-6690;34600
JTC-5537;47900
JTC-1471;8550
JTC-1465;18300
JTC-4935;7575
JTC-6685;4850
JTC-1203;2110
JTC-1204;4500
JTC-4936;7800
JTC-6686;6280
JTC-6687;6450
JTC-4937;8250
JTC-1201;1880
JTC-6682;4500
JTC-4932;6820
JTC-4938;28900
JTC-6688;24500
JTC-1206;21750
JTC-4939;35400
JTC-6689;27900
JTC-1205;8400
JTC-4934;7270
JTC-4933;7680
JTC-1202;2020
JTC-6684;5450
JTC-6683;4830
JTC-1463;14600
JTC-JW0900-11771;125600
JTC-JW0900-11766;162000
JTC-JW0900-11763;48500
JTC-JW0900-11761;27700
JTC-JW0900-11762;35900
JTC-JW0900-11765;90000
JTC-JW0900-11764;39900
JTC-1201P;430
JTC-1202P;450
JTC-1203P;495
JTC-1203P-B;165
JTC-1205P;1860
JTC-1206P;1980
JTC-4932P;615
JTC-4933P;630
JTC-4935P;730
JTC-5537-04;350
JTC-5537-05;85
JTC-5537-06;580
JTC-5537-07;480
JTC-5537-08;330
JTC-5537-09;415
JTC-5537-10;340
JTC-5537-11;135
JTC-5537-36;2510
JTC-5537-40;135
JTC-5537P;2530
JTC-6682P;660
JTC-6683P;760
JTC-6685P;920
JTC-6688P;2480
JTC-6690P;3410
JTC-1201P-B;170
JTC-1202P-B;170
JTC-1206P-B;315
JTC-AE4813;215
JTC-AE4806;160
JTC-AE3610;240
JTC-AE2410;180
JTC-LS10;400
JTC-3030;565
JTC-3450;870
JTC-AE4817;330
JTC-AE3611;250
JTC-AE2411;190
JTC-LS11;460
JTC-3031;580
JTC-3451;920
JTC-AE3612;265
JTC-AE2412;210
JTC-LS12;505
JTC-3032;610
JTC-3452;960
JTC-AE4821;530
JTC-AE3613;330
JTC-LS13;560
JTC-AE2413;220
JTC-3033;640
JTC-3453;980
JTC-AE3614;325
JTC-LS14;590
JTC-AE2414;235
JTC-3034;695
JTC-3454;1050
JTC-LS15;690
JTC-AE2415;280
JTC-3035;730
JTC-3455;1050
JTC-LS16;770
JTC-AE2416;290
JTC-3036;780
JTC-3456;1170
JTC-AE3617;420
JTC-LS17;815
JTC-AE2417;320
JTC-3037;830
JTC-3457;1260
JTC-LS18;930
JTC-AE2418;340
JTC-3038;810
JTC-3458;1270
JTC-AE3619;530
JTC-LS19;930
JTC-AE2419;380
JTC-3039;850
JTC-3459;1330
JTC-AE2420;440
JTC-AE3621;580
JTC-AE2421;465
JTC-AE3622;770
JTC-AE2422;480
JTC-AE2423;495
JTC-AE2424;545
JTC-AE2425;600
JTC-AE2426;600
JTC-AE2427;710
JTC-3496;3500
JTC-AE2428;810
JTC-AE2429;865
JTC-AE4819;420
JTC-AE4810;175
JTC-AE2430;870
JTC-AE2432;950
JTC-AE2433;1405
JTC-AE2434;1590
JTC-AE2435;1750
JTC-AE2436;1740
JTC-AE2438;2400
JTC-AE2441;2500
JTC-AE2446;3090
JTC-AE4808;160
JTC-AE4816;300
JTC-AE2450;4620
JTC-AE3606;175
JTC-AE2406;160
JTC-AE4811;190
JTC-AE4822;530
JTC-AE3607;175
JTC-AE2407;160
JTC-AE3608;200
JTC-AE2408;160
JTC-3029;530
JTC-3449;830
JTC-AE4814;240
JTC-AE2409;160
JTC-AE4811S;3260
JTC-K6104;5950
JTC-K6143;2890
JTC-AE2415S;3700
JTC-AE1206S;4340
JTC-AE2426S;9680
JTC-AD09S;2440
JTC-K6144;8250
JTC-AE2414S;4030
JTC-AE2417S;5660
JTC-3027;2480
JTC-5051;5500
JTC-3448;8780
JTC-3028;7130
JTC-6658;1420
JTC-PQ1011;345
JTC-PE1012;305
JTC-PQ1012;350
JTC-3219;595
JTC-5034;1400
JTC-PE1113;330
JTC-PQ1113;390
JTC-EV1113;620
JTC-PQ1213;400
JTC-PE1214;365
JTC-PQ1214;400
JTC-3220;685
JTC-3211;810
JTC-PQ1415;460
JTC-PE1417;440
JTC-PQ1417;500
JTC-3212;850
JTC-PQ1617;500
JTC-3221;970
JTC-PE1719;520
JTC-PQ1719;580
JTC-3222;1000
JTC-EV1719;890
JTC-PQ1819;580
JTC-PE1921;590
JTC-PQ1921;690
JTC-3228;1075
JTC-EV1922;945
JTC-PQ2022;690
JTC-PQ2123;775
JTC-PE2224;800
JTC-PQ2224;775
JTC-3227;1350
JTC-PE2427;910
JTC-PQ2427;840
JTC-PQ3032;1080
JTC-PE0607;230
JTC-PQ0607;265
JTC-PE0810;250
JTC-PQ0810;300
JTC-3226;515
JTC-5033;1430
JTC-PE0809;260
JTC-PQ0809;290
JTC-EF1012;390
JTC-5426;820
JTC-5427;995
JTC-5428;1100
JTC-EF0608;320
JTC-5425;790
JTC-1926;390
JTC-EV1012S;3350
JTC-3219S;4730
JTC-PR1012S;3300
JTC-PE1012S;2880
JTC-EF6S;2790
JTC-5425S;3650
JTC-5033S;5950
JTC-35088;1050
JTC-350810;1330
JTC-350812;1600
JTC-4455;5350
JTC-1924;390
JTC-1925;400
JTC-1927;410
JTC-1928;430
JTC-1931;490
JTC-1933;660
JTC-1934;730
JTC-1958;700
JTC-1961;830
JTC-5105;275
JTC-1939;600
JTC-5106;275
JTC-1940;660
JTC-5107;320
JTC-5108;330
JTC-5109;430
JTC-5138;1180
JTC-5110;440
JTC-1018;490
JTC-5111;540
JTC-1965;1390
JTC-1963;1090
JTC-1964;1280
JTC-5104;245
JTC-5103;250
JTC-1605;2480
JTC-51034;1360
JTC-18216;2050
JTC-3649;1450
JTC-3941;450
JTC-3657;465
JTC-3644;1355
JTC-3655;470
JTC-3935;450
JTC-3936;530
JTC-3937;530
JTC-3943;580
JTC-3942;710
JTC-3940;685
JTC-3939;825
JTC-3964;465
JTC-3934;430
JTC-3944;455
JTC-3632;1120
JTC-3638;1355
JTC-5524;515
JTC-3633;1120
JTC-3634;1155
JTC-3640;1265
JTC-3646;1355
JTC-3635;1120
JTC-3641;1265
JTC-3647;1355
JTC-3636;1200
JTC-5523;475
JTC-3637;1265
JTC-3721;365
JTC-5217;420
JTC-3719;175
JTC-332510;890
JTC-332512;960
JTC-332513;1000
JTC-332514;1020
JTC-332517;1160
JTC-332519;1160
JTC-332522;1160
JTC-5334;3490
JTC-3604;1250
JTC-3604B;1300
JTC-JW0917-4;3130
JTC-3018;1500
JTC-3014;1830
JTC-5024;1370
JTC-3446;1950
JTC-5424;1500
JTC-5024B;1400
JTC-3417;2015
JTC-5027;2020
JTC-3417A;2095
JTC-5030;2600
JTC-5332;2650
JTC-JW0917-2;2550
JTC-3602;800
JTC-3602B;825
JTC-3012;1600
JTC-3016;1060
JTC-5022;825
JTC-3444;1520
JTC-3415;1500
JTC-5422;960
JTC-5025;1450
JTC-5022B;825
JTC-3415A;1650
JTC-5028;1650
JTC-3440;565
JTC-3630;3960
JTC-5333;2870
JTC-JW0917-3;2860
JTC-3603;900
JTC-3603B;960
JTC-3017A;1350
JTC-3015;1660
JTC-3013;1750
JTC-5023;980
JTC-3445;1700
JTC-5023B;1100
JTC-5423;1140
JTC-5026;1600
JTC-3416;1700
JTC-3416A;2050
JTC-5029;1850
JTC-3441;565
JTC-3214;2570
JTC-3325S;5650
JTC-3012P;590
JTC-3013P;615
JTC-3014P;700
JTC-3404-17;50
JTC-3415P;400
JTC-3416P;530
JTC-3417P;630
JTC-3444P;920
JTC-3445P;915
JTC-3446P;990
JTC-3602P;300
JTC-3603P;415
JTC-3604P;555
JTC-3630P;1640
JTC-3930-32;420
JTC-3930-17;305
JTC-3930-20;50
JTC-3930-22;230
JTC-3930-23;235
JTC-3930-16;250
JTC-3930-21;415
JTC-3930-18;340
JTC-3930-24;50
JTC-3930-26;135
JTC-3930-27;50
JTC-3930-19;20
JTC-5022P-B;75
JTC-5022P;480
JTC-5023P-B;100
JTC-5023P;595
JTC-5024P-B;140
JTC-5024P;710
JTC-3615;290
JTC-3670;240
JTC-3616;465
JTC-3671;350
JTC-3613;165
JTC-3614;200
JTC-3669;165
JTC-7817;850
JTC-3908;1330
JTC-5011;405
JTC-3007;90
JTC-5012;425
JTC-3008;110
JTC-3741;170
JTC-3001;400
JTC-GD1012;200
JTC-GD1113;215
JTC-GD1214;245
JTC-GD1417;325
JTC-GD1719;390
JTC-GD1921;425
JTC-GD2224;480
JTC-GD2427;595
JTC-GD3032;790
JTC-GD0810;155
JTC-GD08S;2340
JTC-GD06S;1765
JTC-I009;14175
JTC-I011;2715
JTC-47722;270
JTC-443922;220
JTC-448322;430
JTC-43822;145
JTC-47622;265
JTC-443522;285
JTC-443822;190
JTC-448222;405
JTC-330422;560
JTC-442822;260
JTC-47723;315
JTC-43823;165
JTC-47623;300
JTC-43924;165
JTC-47724;300
JTC-443924;240
JTC-448324;515
JTC-43824;165
JTC-47624;300
JTC-443524;290
JTC-443824;240
JTC-448224;415
JTC-442824;275
JTC-47725;370
JTC-43825;185
JTC-47625;400
JTC-47726;410
JTC-47626;400
JTC-43927;220
JTC-47727;445
JTC-1425-3;800
JTC-448327;555
JTC-43827;225
JTC-47627;415
JTC-443827;265
JTC-448227;540
JTC-47729;480
JTC-47629;490
JTC-448229;565
JTC-43930;270
JTC-47730;480
JTC-448330;680
JTC-43830;270
JTC-47630;510
JTC-443830;355
JTC-448230;580
JTC-43932;300
JTC-47732;530
JTC-448332;730
JTC-43832;280
JTC-47632;530
JTC-443832;373
JTC-448232;615
JTC-443833;495
JTC-448233;780
JTC-448334;980
JTC-43834;440
JTC-443834;495
JTC-448234;800
JTC-443835;520
JTC-448235;835
JTC-448336;1030
JTC-43836;460
JTC-443836;570
JTC-448236;860
JTC-443838;570
JTC-448238;950
JTC-448339;1250
JTC-443839;645
JTC-443841;660
JTC-448241;1000
JTC-443846;907
JTC-446110;365
JTC-446112;365
JTC-446114;365
JTC-446117;365
JTC-446119;365
JTC-446105;355
JTC-446106;355
JTC-446107;355
JTC-446108;355
JTC-446109;365
JTC-447710;440
JTC-447712;440
JTC-447714;440
JTC-447716;455
JTC-447708;440
JTC-447718;455
JTC-43510;140
JTC-47310;305
JTC-43511;140
JTC-47311;315
JTC-43512;150
JTC-47312;305
JTC-43514;145
JTC-47314;310
JTC-43516;150
JTC-47316;330
JTC-43518;150
JTC-47318;330
JTC-43520;155
JTC-47320;330
JTC-43522;170
JTC-43524;190
JTC-47324;350
JTC-45606200;500
JTC-45607200;500
JTC-22604;55
JTC-22504;45
JTC-22605;55
JTC-22505;55
JTC-25205;95
JTC-22606;55
JTC-22506;55
JTC-25206;90
JTC-22607;55
JTC-22507;50
JTC-25207;90
JTC-22608;55
JTC-22508;50
JTC-25208;90
JTC-22609;55
JTC-22509;50
JTC-25209;90
JTC-22412;65
JTC-22414;55
JTC-22610;50
JTC-22510;50
JTC-25210;90
JTC-2241132;50
JTC-22611;55
JTC-22511;50
JTC-25211;95
JTC-22612;60
JTC-22512;50
JTC-25212;95
JTC-22613;60
JTC-22513;55
JTC-25213;115
JTC-22614;70
JTC-22514;60
JTC-25214;125
JTC-2241532;55
JTC-224316;50
JTC-22438;50
JTC-22645;50
JTC-22545;45
JTC-22655;55
JTC-22555;40
JTC-25255;90
JTC-224516;50
JTC-224716;55
JTC-224932;55
JTC-22010;80
JTC-22004;70
JTC-22005;70
JTC-22006;80
JTC-22007;80
JTC-22008;80
JTC-645317;510
JTC-649117;1040
JTC-65217;420
JTC-645217;520
JTC-649017;900
JTC-645218;520
JTC-645319;520
JTC-649119;1050
JTC-65219;420
JTC-645219;520
JTC-649019;900
JTC-649120;1040
JTC-645321;530
JTC-649121;1040
JTC-65221;420
JTC-645221;520
JTC-649021;900
JTC-65222;415
JTC-645222;520
JTC-645323;530
JTC-65223;420
JTC-649023;900
JTC-645324;540
JTC-65224;420
JTC-645224;520
JTC-649024;900
JTC-65225;430
JTC-645225;520
JTC-649025;900
JTC-65226;440
JTC-649026;900
JTC-645327;580
JTC-65227;440
JTC-645227;520
JTC-649027;930
JTC-65228;450
JTC-649028;950
JTC-645329;580
JTC-65330;495
JTC-645330;580
JTC-65230;520
JTC-645230;580
JTC-649030;990
JTC-65332;545
JTC-645332;580
JTC-65232;530
JTC-645232;580
JTC-649032;990
JTC-65233;620
JTC-645233;580
JTC-65234;620
JTC-645234;610
JTC-649034;1050
JTC-645335;700
JTC-65235;660
JTC-649035;1140
JTC-65336;645
JTC-645336;700
JTC-65236;660
JTC-645236;660
JTC-649036;1150
JTC-645338;700
JTC-65238;750
JTC-645238;710
JTC-65240;780
JTC-645240;830
JTC-65341;726
JTC-645341;880
JTC-65241;830
JTC-645241;835
JTC-649041;1440
JTC-65242;870
JTC-645242;960
JTC-65346;792
JTC-65246;950
JTC-645246;1120
JTC-649046;1600
JTC-645248;1200
JTC-65250;1100
JTC-645250;1280
JTC-645252;1600
JTC-645254;1630
JTC-65355;1440
JTC-65255;1350
JTC-645255;1700
JTC-645356;1800
JTC-645257;1790
JTC-645258;2020
JTC-65360;1650
JTC-65260;1570
JTC-645260;2020
JTC-6481075;6000
JTC-641121;1250
JTC-641122;1350
JTC-641124;1350
JTC-641130;1420
JTC-641114;1350
JTC-641117;1350
JTC-641119;1350
JTC-J606E-E18;1060
JTC-J606E-E20;1360
JTC-J606E-E22;1360
JTC-J606E-E24;1330
JTC-6410100;1460
JTC-641060;1460
JTC-641070;1460
JTC-641080;1460
JTC-641090;1460
JTC-33206;65
JTC-36306;145
JTC-33207;65
JTC-36307;160
JTC-33208;65
JTC-34608;140
JTC-36308;160
JTC-33209;65
JTC-36309;160
JTC-33210;65
JTC-34610;155
JTC-36310;160
JTC-33211;65
JTC-34611;160
JTC-36311;160
JTC-5215;1600
JTC-33212;65
JTC-34612;160
JTC-36312;160
JTC-33213;65
JTC-34613;165
JTC-36313;160
JTC-33214;65
JTC-34614;165
JTC-36314;160
JTC-33215;65
JTC-36315;160
JTC-33216;65
JTC-36316;155
JTC-33217;70
JTC-36317;160
JTC-33218;90
JTC-36318;165
JTC-33219;90
JTC-36319;165
JTC-33221;100
JTC-36321;190
JTC-33222;130
JTC-36322;200
JTC-36010;210
JTC-36011;215
JTC-36012;210
JTC-36014;215
JTC-36016;215
JTC-36018;220
JTC-36008;210
JTC-4725;510
JTC-3052;150
JTC-3053;195
JTC-3051;135
JTC-3054;145
JTC-7670;325
JTC-4332-P;18500
JTC-646S;1785
JTC-5365;415
JTC-5366;480
JTC-5359;415
JTC-5360;400
JTC-1116502;500
JTC-3303;820
JTC-5363;350
JTC-5358;420
JTC-5357;415
JTC-5361;300
JTC-5362;410
JTC-5364;710
JTC-5329;8200
JTC-H409H;2250
JTC-J408H;3190
JTC-J408LH;3720
JTC-H407M;2180
JTC-H409T;2380
JTC-J309H;2700
JTC-H308H;1250
JTC-H308T;1390
JTC-1616;2400
JTC-5431;12000
JTC-5432;14100
JTC-5530;2900
JTC-6609;3180
JTC-4623;6950
JTC-3905A;2700
JTC-3439;4235
JTC-H816M;28600
JTC-H416M;2450
JTC-K4153;6900
JTC-T410M;2530
JTC-J410P;2370
JTC-T424B;7350
JTC-T4137L;31500
JTC-T416M;2450
JTC-H410M;2450
JTC-J410M;2100
JTC-H424B;7210
JTC-H4137;20800
JTC-H4137L;32900
JTC-J4137L;45500
JTC-J408T;3180
JTC-H409E;1650
JTC-J403B;830
JTC-J404B;1550
JTC-T213M;900
JTC-H211M;1030
JTC-H213M;830
JTC-3901;850
JTC-3902;1280
JTC-T615M;12380
JTC-J606H;5100
JTC-H621M;14250
JTC-H615M;11990
JTC-J606E;7200
JTC-J604LT;6450
JTC-J606T;4495
JTC-J608B;8250
JTC-H306M;875
JTC-H312M;1990
JTC-3605;3720
JTC-H322B;4190
JTC-H311E;2200
JTC-5305;2420
JTC-H096B;6250
JTC-5302;2350
JTC-T110B-B72;7400
JTC-H110B-B72;7400
JTC-S110B-B72;7400
JTC-H223B;2660
JTC-H247M;3990
JTC-H223S;2950
JTC-3905;2550
JTC-H304S;1800
JTC-3522;5235
JTC-J412H;4570
JTC-J605T;6750
JTC-3304;1400
JTC-5539;2790
JTC-7655;2400
JTC-7655A;2415
JTC-5444;2000
JTC-3304A;1585
JTC-H123C;14720
JTC-H145C;17500
JTC-H156C-B72;17500
JTC-S085C-B72;6950
JTC-T085C-B72;6950
JTC-H085C-B72;6950
JTC-H090C-B72;9800
JTC-6624;4990
JTC-6624K;6300
JTC-5809;3180
JTC-3703;570
JTC-5827;660
JTC-5808;2000
JTC-3706;530
JTC-3720;240
JTC-3817;315
JTC-848100;1600
JTC-848175;2100
JTC-848250;2650
JTC-848330;3450
JTC-848400;3960
JTC-444125;420
JTC-444250;700
JTC-646175;1390
JTC-646250;1750
JTC-646330;2150
JTC-646400;2850
JTC-7747;900
JTC-840806;1030
JTC-440406;350
JTC-440403;260
JTC-640608;820
JTC-640604;660
JTC-340304;215
JTC-340302;190
JTC-4820-ADA-P;190
JTC-47708;200
JTC-47608;210
JTC-47709;200
JTC-47609;215
JTC-47710;200
JTC-47610;200
JTC-47711;200
JTC-47611;215
JTC-47712;210
JTC-47612;215
JTC-47713;220
JTC-47613;215
JTC-47714;200
JTC-47614;200
JTC-47715;215
JTC-47615;215
JTC-47716;215
JTC-47616;200
JTC-47717;200
JTC-47617;215
JTC-47718;210
JTC-47618;210
JTC-47719;225
JTC-47619;225
JTC-47720;260
JTC-47620;260
JTC-47721;270
JTC-47621;265
JTC-45610;215
JTC-45612;240
JTC-45614;285
JTC-45617;330
JTC-45619;415
JTC-45604;190
JTC-45605;200
JTC-45606;220
JTC-45607;215
JTC-45608;215
JTC-45609;220
JTC-45810200;480
JTC-45812200;455
JTC-45813200;485
JTC-45814200;485
JTC-45809200;450
JTC-45710;210
JTC-45712;240
JTC-45705;210
JTC-45706;210
JTC-45708;210
JTC-45520;215
JTC-45525;215
JTC-45527;215
JTC-45530;215
JTC-45540200;500
JTC-45540;210
JTC-45545200;370
JTC-45545;215
JTC-45550200;480
JTC-45550;215
JTC-45555200;450
JTC-45555;225
JTC-45560200;500
JTC-45560;250
JTC-45570200;435
JTC-23603;70
JTC-23604;70
JTC-23605;70
JTC-23606;70
JTC-23607;70
JTC-23608;70
JTC-23901;70
JTC-23902;70
JTC-23903;70
JTC-23840;70
JTC-23855;70
JTC-23865;70
JTC-23710;70
JTC-23715;70
JTC-23520;75
JTC-23720;70
JTC-23525;75
JTC-23725;70
JTC-23527;85
JTC-23727;75
JTC-23530;75
JTC-23730;70
JTC-23740;70
JTC-23745;75
JTC-23750;70
JTC-23706;75
JTC-23707;70
JTC-23708;70
JTC-23709;70
JTC-34709;120
JTC-34910;115
JTC-34920;125
JTC-34925;125
JTC-34927;125
JTC-34930;125
JTC-34940;125
JTC-34945;125
JTC-34950;125
JTC-34908;115
JTC-34909;115
JTC-34915;115
JTC-46514;180
JTC-1817;465
JTC-46516;130
JTC-1818;520
JTC-46521;175
JTC-1539;930
JTC-4730;520
JTC-4389;900
JTC-4179;480
JTC-1540;1120
JTC-1815;470
JTC-4390;1150
JTC-36516;130
JTC-4569;495
JTC-1816;495
JTC-36521;185
JTC-5581;1680
JTC-1321-12;700
JTC-43908;85
JTC-43808;95
JTC-43909;95
JTC-43809;95
JTC-43910;95
JTC-43810;95
JTC-442810;205
JTC-43911;95
JTC-43811;100
JTC-43912;95
JTC-43812;95
JTC-442812;205
JTC-43913;95
JTC-43813;100
JTC-442813;210
JTC-43914;95
JTC-43814;95
JTC-442814;205
JTC-43915;95
JTC-43815;95
JTC-442815;205
JTC-43916;100
JTC-443916;185
JTC-43816;95
JTC-442816;205
JTC-43917;100
JTC-43817;100
JTC-442817;215
JTC-43918;110
JTC-443918;185
JTC-43818;115
JTC-443518;235
JTC-442818;240
JTC-43919;115
JTC-43819;120
JTC-442819;248
JTC-43920;125
JTC-43820;130
JTC-43921;135
JTC-6815;550
JTC-43821;130
JTC-442821;250
JTC-43922;150
JTC-12S4510;145
JTC-12S4510C;165
JTC-12S4508;140
JTC-12S4508C;160
JTC-45530120;350
JTC-45610120;360
JTC-45605120;365
JTC-45606120;340
JTC-45607120;320
JTC-45608120;365
JTC-45710120;390
JTC-45712120;400
JTC-45714120;450
JTC-45705120;320
JTC-45706120;320
JTC-45708120;320
JTC-45540120;365
JTC-45545120;350
JTC-45550120;350
JTC-45555120;400
JTC-45710200;480
JTC-7681;8950
JTC-7680;5590
JTC-6715;470
JTC-1321-14;730
JTC-1321-15;730
JTC-1321-16;730
JTC-1321-19;820
JTC-1321-21;850
JTC-1321-11;730
JTC-1321-9;700
JTC-6619;495
JTC-4519;480
JTC-6714;1360
JTC-5594;380
JTC-447919;495
JTC-447910;475
JTC-447912;510
JTC-447914;470
JTC-447917;475
JTC-447905;470
JTC-447906;470
JTC-447907;470
JTC-447908;485
JTC-447825;470
JTC-447827;500
JTC-447830;495
JTC-447840;495
JTC-447845;495
JTC-447850;495
JTC-447855;500
JTC-447860;495
JTC-447870;515
JTC-447880;515
JTC-648814;1260
JTC-648817;1280
JTC-648819;1280
JTC-648821;1280
JTC-648822;1280
JTC-648824;1280
JTC-648827;1320
JTC-648830;1250
JTC-648832;1360
JTC-765517;810
JTC-765519;810
JTC-765521;810
JTC-765522;875
JTC-8468100;7595
JTC-8481105;8550
JTC-8481110;9150
JTC-8468110;8250
JTC-8468115;9300
JTC-8468125;11850
JTC-8481130;14550
JTC-8468130;11900
JTC-847617;1280
JTC-847619;1220
JTC-847620;1280
JTC-847621;1220
JTC-845824;865
JTC-849024;1300
JTC-845827;915
JTC-849027;1330
JTC-845828;915
JTC-845830;930
JTC-849030;1350
JTC-845832;920
JTC-849032;1300
JTC-845833;1000
JTC-849033;1300
JTC-845834;1070
JTC-845835;1100
JTC-845836;1050
JTC-845838;1120
JTC-845841;1250
JTC-845846;1550
JTC-845848;1550
JTC-845850;1730
JTC-845855;2170
JTC-845860;2820
JTC-845865;3050
JTC-8481070;6590
JTC-8481075;6590
JTC-845875;5850
JTC-849075;8630
JTC-849080;9210
JTC-845880;7350
JTC-8481085;7050
JTC-8468085;6150
JTC-845885;7950
JTC-8481090;7520
JTC-8468090;6600
JTC-443808;150
JTC-443910;160
JTC-448310;365
JTC-443810;160
JTC-448210;285
JTC-443811;157
JTC-443912;175
JTC-448312;365
JTC-443812;157
JTC-448212;290
JTC-443913;175
JTC-448313;380
JTC-443813;160
JTC-448213;290
JTC-443914;175
JTC-448314;380
JTC-443814;160
JTC-448214;290
JTC-443915;175
JTC-448315;380
JTC-443815;185
JTC-448215;350
JTC-448316;380
JTC-443816;185
JTC-448216;370
JTC-443917;185
JTC-448317;400
JTC-443817;185
JTC-448217;380
JTC-330417;495
JTC-330419;495
JTC-445417;280
JTC-448117;350
JTC-448318;400
JTC-443818;185
JTC-448218;380
JTC-443919;195
JTC-448319;415
JTC-443819;185
JTC-448219;380
JTC-448119;350
JTC-443921;205
JTC-448321;430
JTC-443821;185
JTC-448221;405
JTC-330421;495
JTC-448121;350
JTC-849036;1440
JTC-849038;1600
JTC-849041;1650
JTC-849046;2100
JTC-849048;2350
JTC-849050;2630
JTC-849055;3100
JTC-849057;3250
JTC-849060;3800
JTC-849063;3800
JTC-849065;4530
JTC-849070;5750
JTC-443508;235
JTC-448208;285
JTC-443510;235
JTC-443511;235
JTC-443512;235
JTC-443514;235
JTC-443516;235
JTC-445517;240
JTC-445519;260
JTC-445419;300
JTC-443520;265
JTC-445521;275
JTC-445421;305
JTC-12G5004;125
JTC-12G5004C;150
JTC-7670-4C;155
JTC-JW0711-8;190
JTC-420406;230
JTC-420403;115
JTC-12G5002;85
JTC-12G5002C;110
JTC-7670-2C;115
JTC-220203;75
JTC-620608;730
JTC-620604;270
JTC-320304;90
JTC-320302;70
JTC-7749;685
JTC-5218N-M5;165
JTC-5218N-M10;330
JTC-5821A-N3;160
JTC-5821A-N4;160
JTC-5821A-N5;160
JTC-5821A-N6;200
JTC-RD67;1140
JTC-RD66;1300
JTC-RDY;5890
JTC-RD17;1100
JTC-RD21;1150
JTC-RD23;1250
JTC-RD24;900
JTC-RD25;1300
JTC-RD26;1250
JTC-RD27;1300
JTC-RD30;1150
JTC-RD22;1400
JTC-RD44;1150
JTC-RD43;1150
JTC-RD40;1200
JTC-RD36;1200
JTC-RD31;1150
JTC-RD46;762
JTC-RD10;960
JTC-RD11;960
JTC-RD12;1090
JTC-RD13;1040
JTC-RD20;1040
JTC-RD05;870
JTC-RD06;870
JTC-RD42;1120
JTC-RD50;1660
JTC-RD52;1150
JTC-RD49;216
JTC-RD07;1110
JTC-RD47;1200
JTC-RD33;1695
JTC-RD35;1800
JTC-RD28;1155
JTC-RD29;1170
JTC-RD48;1155
JTC-RD32;1070
JTC-RD45;1080
JTC-RD37;1090
JTC-RD51;865
JTC-RD38;1100
JTC-RD39;684
JTC-RD34;1800
JTC-RD19;865
JTC-RD18;840
JTC-RD14;1150
JTC-RD15;880
JTC-RD16;1150
JTC-RD41;1300
JTC-1412;740
JTC-1410;660
JTC-4494;3650
JTC-2030;1730
JTC-1044;1895
JTC-1413;480
JTC-1411;615
JTC-JW0664;1600
JTC-js1210;8900
JTC-2044;3025
JTC-6825;10800
JTC-4860;12450
JTC-2005;960
JTC-2001;480
JTC-2002;515
JTC-2003;865
JTC-2004;930
JTC-2006;1010
JTC-20061;1520
JTC-2007;1280
JTC-2008;1595
JTC-20081;3000
JTC-20082;2775
JTC-2029;4350
JTC-2031;1900
JTC-2032;2150
JTC-2033;2025
JTC-TQ5U;1155
JTC-TQ6U;825
JTC-TQ8U;1160
JTC-5919;1280
JTC-2041;770
JTC-2034;660
JTC-2042;3100
JTC-2035;600
JTC-2036;650
JTC-2037;660
JTC-2038;660
JTC-2039;660
JTC-2040;720
JTC-5918;1160
JTC-ZN12;30
JTC-ZN16;30
JTC-ZN22;30
JTC-ZN25;30
JTC-ZN32;30
JTC-ZN35;32
JTC-ZN40;35
JTC-ZN45;35
JTC-ZN50;35
JTC-ZN60;35
JTC-ZN70;40
JTC-ZN80;55
JTC-ZN90;60
JTC-ZN100;65
JTC-ZN110;65
JTC-ZN120;70
JTC-ZNY1;7130
JTC-GT200M;300
JTC-GT200I;300
JTC-2011;1000
JTC-2011A;440
JTC-2012;1120
JTC-2012A;450
JTC-2013;1200
JTC-2013A;480
JTC-2014;1330
JTC-2014A;480
JTC-2014B;595
JTC-2015;1400
JTC-2015A;510
JTC-2016;1500
JTC-2016A;555
JTC-20161;1500
JTC-2017B;820
JTC-2017;1500
JTC-2017A;595
JTC-2018;1500
JTC-2018A;635
JTC-20181;2300
JTC-2018C;1250
JTC-2009;850
JTC-2009A;415
JTC-2010;900
JTC-2010A;430
JTC-2019B;3800
JTC-2019A;7050
JTC-20191;8100
JTC-2019;11300
JTC-2512;1280
JTC-2022;1290
JTC-5324;24500
JTC-JW0925-42;8130
JTC-JW0925-12;1630
JTC-JW0925-14;1750
JTC-JW0925-18;2120
JTC-JW0925-24;2870
JTC-JW0925-30;4090
JTC-JW0925-36;5300
JTC-5317;1020
JTC-5316;1500
JTC-7677;655
JTC-3109;700
JTC-5101;1700
JTC-3108;580
JTC-7677A;745
JTC-6611;530
JTC-4597;555
JTC-1321-17;745
JTC-1321-18;820
JTC-1321-10;720
JTC-1321-13;680
JTC-1321-8;680
JTC-3532;3180
JTC-3121-13+15;1500
JTC-3122-13+15;1650
JTC-3123-13+15;1800
JTC-3124-13+15;2190
JTC-3125-13+15;2600
JTC-3639A;520
JTC-3903;2175
JTC-3724;200
JTC-5914;500
JTC-JW0680-4;6
JTC-3722;185
JTC-5912;455
JTC-JW0680-2;15
JTC-3723;180
JTC-5913;480
JTC-3413;1200
JTC-5207;1070
JTC-5208;1780
JTC-5206;1170
JTC-5205;960
JTC-3023;1515
JTC-JW0687;12
JTC-JW0688;12
JTC-7716;515
JTC-JW0573;2170
JTC-3324A;2550
JTC-5214-TW;1450
JTC-5702-3;745
JTC-5702-4;825
JTC-1034P;4800
JTC-AM47;1230
JTC-AM45;1120
JTC-AM48;1950
JTC-AM46;2650
JTC-AM44A;850
JTC-5031;1050
JTC-5032;1330
JTC-5218N-M8;240
JTC-5821A;2700
JTC-3437;1120
JTC-5218;3025
JTC-5218N;4190
JTC-5210;2000
JTC-5211;3260
JTC-1843-6;1490
JTC-1843-7;1790
JTC-C304;6980
JTC-3026;565
JTC-3904;850
JTC-3510;290
JTC-3511;415
JTC-3512A;495
JTC-5058;700
JTC-3025;515
JTC-5220;530
JTC-5552;670
JTC-5442;845
JTC-3702;1660
JTC-5414-12;400
JTC-5414-19;540
JTC-5414-4;365
JTC-H110B-B72-B;1705
JTC-H156C-B72-B;2450
JTC-3927;780
JTC-7709;915
JTC-JW0614;10250
JTC-6777;1290
JTC-4584;8900
JTC-6610;2220
JTC-4587;1645
JTC-4588;1645
JTC-6654;1040
JTC-5702-W;660
JTC-J26;330
JTC-J25;1280
JTC-5853;350
JTC-5852;415
JTC-5851;350
JTC-5856;250
JTC-3410;2000
JTC-3411;2480
JTC-5613;5400
JTC-5652;5580
JTC-5542;620
JTC-5225A;6635
JTC-5225B;6300
JTC-5346;1830
JTC-5348;4590
JTC-5339;1930
JTC-5543;2300
JTC-5347A;3100
JTC-5429;5800
JTC-2524P;50
JTC-5627;960
JTC-5707;1380
JTC-7707;1800
JTC-3726;1070
JTC-3726A;1130
JTC-3727;1705
JTC-3107A;1590
JTC-3725A;460
JTC-3412;795
JTC-4864-1;1025
JTC-4054-3;225
JTC-5501;2130
JTC-5233;600
JTC-3409;1930
JTC-523416;1150
JTC-533108;1930
JTC-3408;2100
JTC-4788-1;1555
JTC-4789-1;1665
JTC-3611;1750
JTC-5420;2750
JTC-5612;3260
JTC-4399;4420
JTC-4399S;6620
JTC-1321;5990
JTC-1545;5580
JTC-1321S;7575
JTC-4561;7570
JTC-4267;5195
JTC-5702A;3850
JTC-6742;7350
JTC-4595;9380
JTC-3461;1860
JTC-JW0054;2100
JTC-B065;27700
JTC-B076;19300
JTC-4791;4150
JTC-4783;4100
JTC-4947;1620
JTC-4784;4030
JTC-4785;4190
JTC-4786;4420
JTC-4787;4190
JTC-4788;3650
JTC-4789;4800
JTC-4780;3750
JTC-4781;3900
JTC-4945;1200
JTC-4782;4050
JTC-4946;1330
JTC-4791-1;880
JTC-4783-1;870
JTC-4784-1;910
JTC-4785-1;995
JTC-4786-1;1030
JTC-4787-1;1050
JTC-4780-1;545
JTC-4781-1;545
JTC-4782-1;620
JTC-K128Z;11050
JTC-4779A;8630
JTC-3916;3100
JTC-5203;7480
JTC-3917;3025
JTC-4314;2790
JTC-4864;2790
JTC-4309;3390
JTC-4310;3490
JTC-4311;2300
JTC-4312;4150
JTC-4313;2748
JTC-5201;2200
JTC-4863;1940
JTC-4719;2640
JTC-6650;9750
JTC-5633;4420
JTC-5632;2650
JTC-5443;8700
JTC-4386S;1860
JTC-1454P;595
JTC-4655A;3990
JTC-3432A;5050
JTC-5214;14550
JTC-5636;1800
JTC-7746;1230
JTC-K9071;3080
JTC-K9081;3250
JTC-6717;21600
JTC-7717;515
JTC-7718;530
JTC-2526;1200
JTC-4659;13725
JTC-5326;1350
JTC-7686;41900
JTC-5345;1350
JTC-7675;5115
JTC-4522;16940
JTC-3119;2120
JTC-5703;3170
JTC-5113;1010
JTC-4639;2760
JTC-1542;2100
JTC-4453;3800
JTC-4733;4750
JTC-5601;550
JTC-5502;1800
JTC-AM12;580
JTC-AM13;1010
JTC-5835;2700
JTC-5834;2775
JTC-1906;1650
JTC-3830-B;890
JTC-3830-C;820
JTC-3830-A;860
JTC-5535;350
JTC-5535A;180
JTC-3422A;930
JTC-5720;12825
JTC-5131;1590
JTC-5132;165
JTC-JW1071-40SHC;690
JTC-D40SHA;440
JTC-D40PHA;140
JTC-JW1071-40SFC;605
JTC-JW1071-40SMC;605
JTC-D20SHA;430
JTC-D20PHA;120
JTC-JW1071-20SHC;640
JTC-JW1071-20SFC;540
JTC-JW1071-20SMC;540
JTC-JW1071-30SHC;670
JTC-D30SHA;430
JTC-D30PHA;140
JTC-JW1071-30SFC;580
JTC-JW1071-30SMC;565
JTC-D40SFA;470
JTC-D40PFA;165
JTC-D20SFA;450
JTC-D20PFA;100
JTC-D30SFA;445
JTC-D30PFA;125
JTC-D40SMA;450
JTC-D40PMA;150
JTC-D20SMA;450
JTC-D20PMA;60
JTC-3208;1200
JTC-D30SMA;440
JTC-D30PMA;120
JTC-5417A;1800
JTC-5320;495
JTC-1042;20
JTC-4875;1530
JTC-5905;390
JTC-5309;565
JTC-5311;510
JTC-5906;520
JTC-5907;1020
JTC-7710;1440
JTC-5908;1450
JTC-3112A;1050
JTC-1352;8100
JTC-5325;5300
JTC-3107;1420
JTC-6830;13800
JTC-4570;2620
JTC-6607;10800
JTC-5004;3350
JTC-3315;1140
JTC-6637;4280
JTC-6603;11965
JTC-3216;1250
JTC-5413;960
JTC-5204B;6360
JTC-5224-23;530
JTC-5224-25;170
JTC-5348-26;325
JTC-5218-17;330
JTC-4117-4;1425
JTC-1034-12;185
JTC-1034-17S;415
JTC-1034-14;200
JTC-1034-18;50
JTC-5720-41;1125
JTC-5324-27;1000
JTC-5204B-9;110
JTC-5533-4;310
JTC-5534-2;570
JTC-4117-7;1980
JTC-3507;430
JTC-5626;650
JTC-2502;240
JTC-5418A;340
JTC-4088;4250
JTC-5529A;360
JTC-5416A;1500
JTC-CP351;1485
JTC-3118;960
JTC-0001;6600
JTC-0002;19550
JTC-3519;3300
JTC-5337;23625
JTC-5020;7450
JTC-4658;9800
JTC-1534;630
JTC-5549;1030
JTC-5531;365
JTC-5102;380
JTC-5549A;990
JTC-5589;10190
JTC-1330;880
JTC-4662;1620
JTC-3322;835
JTC-5625;1600
JTC-7719;475
JTC-7720;320
JTC-6649;2050
JTC-7712;325
JTC-7713;355
JTC-2511;250
JTC-5439;365
JTC-7711;305
JTC-351310;8050
JTC-351312;10650
JTC-351712;3025
JTC-JW0104;4220
JTC-35178;2650
JTC-351735;23100
JTC-351716;5050
JTC-351720;6665
JTC-35133;1060
JTC-35134;1490
JTC-35135;2350
JTC-35136;2780
JTC-35138;5390
JTC-351410;11700
JTC-351412;15300
JTC-35143;1600
JTC-35154;2650
JTC-35144;2100
JTC-35145;2900
JTC-35146;3550
JTC-35156;4340
JTC-35164;4185
JTC-35167;7875
JTC-35148;8050
JTC-4590;6900
JTC-4592;12460
JTC-4160A;775
JTC-6632;24300
JTC-6652;1100
JTC-4535;1780
JTC-4296;1875
JTC-5811;4500
JTC-3105;4685
JTC-3121;7750
JTC-3122;10300
JTC-3123;12100
JTC-3120;9300
JTC-3124;14750
JTC-3125;20550
JTC-4550;1960
JTC-5647;12900
JTC-5649;17650
JTC-5650A;20300
JTC-5825;2480
JTC-5230;30200
JTC-4499;8900
JTC-4144B;13770
JTC-4516;1750
JTC-3475A;1060
JTC-3535;570
JTC-5229;3400
JTC-AM99;745
JTC-4435-C;520
JTC-3307;490
JTC-3308;660
JTC-5533-5;190
JTC-5534-5;1120
JTC-5604;36900
JTC-5603;24950
JTC-5602;21200
JTC-5706;1590
JTC-5533;1600
JTC-5534;3180
JTC-5440;1070
JTC-3306;2980
JTC-3305;1550
JTC-5551;6300
JTC-3473;1550
JTC-3474;4050
JTC-3111;280
JTC-3110;190
JTC-5116;750
JTC-5721;340
JTC-3223;1250
JTC-3004;830
JTC-3533;1250
JTC-7658-15;960
JTC-7658-16;155
JTC-7658-18;460
JTC-7658-19;35
JTC-7658-20;35
JTC-7658-21;45
JTC-7658-22;35
JTC-7658-23;1250
JTC-7658-26;155
JTC-7658-31;35
JTC-7658-32;70
JTC-7658-33;1800
JTC-7658-34;35
JTC-7658-35;960
JTC-7658-37;2025
JTC-7658-38;1010
JTC-7658-40S;3150
JTC-7659-02;35
JTC-7659-05;45
JTC-7659-06;165
JTC-7659-07;360
JTC-7659-09;45
JTC-7659-11;630
JTC-7659-12;45
JTC-7659-13;35
JTC-7659-14;70
JTC-7659-15;55
JTC-7659-18;280
JTC-7659-19;1185
JTC-7659-20;1170
JTC-7659-22;170
JTC-7659-23;45
JTC-7659-24;3300
JTC-7659-25;45
JTC-7659-28;290
JTC-7659-29;2775
JTC-7659-30;4875
JTC-7659-31;155
JTC-7659-32S;6525
JTC-3320A-06;20
JTC-3320A-08;20
JTC-3320A-10;20
JTC-3320A-15;270
JTC-3320A-16;70
JTC-3320A-17;310
JTC-3320A-18;70
JTC-3320A-19;510
JTC-3320A-20;565
JTC-3320A-21;20
JTC-3320A-26;495
JTC-3320A-27;35
JTC-3320A-28;170
JTC-3320A-29;145
JTC-3320A-34;1220
JTC-3320A-09;105
JTC-3833P;1150
JTC-5819-01D;530
JTC-5819-03;900
JTC-5819-04;390
JTC-5819-05;395
JTC-3310-11;120
JTC-3310-12;495
JTC-3405A-13;315
JTC-3405A-14;395
JTC-3405A-15;465
JTC-3405A-16;35
JTC-3405A-18;415
JTC-3405A-19;325
JTC-3405A-20;315
JTC-3801-17;300
JTC-3801-19;285
JTC-3801-20;50
JTC-3801-21;50
JTC-3801-22;85
JTC-3801-23;550
JTC-3801-26;245
JTC-3801-30;165
JTC-3801-31;170
JTC-3801-32;35
JTC-3801-33;500
JTC-3801-38;435
JTC-3801-46;545
JTC-3801P;1280
JTC-3929-16;280
JTC-3929-17;330
JTC-3929-18;380
JTC-3929-20;50
JTC-3929-21;380
JTC-3929-22;280
JTC-3929-23;280
JTC-3929-26;150
JTC-3929-27+28;400
JTC-3929-32;380
JTC-3929-33;185
JTC-3929-35;480
JTC-3929-36;125
JTC-3929P;1280
JTC-3930P;1280
JTC-5718-17;70
JTC-5719-14;450
JTC-5719-16;50
JTC-5719-17;580
JTC-5719-18;1395
JTC-5719-19;50
JTC-5719-21;580
JTC-5719-23;215
JTC-5719-24;1360
JTC-5719-29;135
JTC-5719-30;495
JTC-5719-31;50
JTC-5719-32;135
JTC-5719-33;190
JTC-5719-34;50
JTC-5719-35;70
JTC-5719-36;50
JTC-5719-37;50
JTC-5719-38;895
JTC-5719-39;165
JTC-5719-40;50
JTC-5837-40;1280
JTC-5645A-13;50
JTC-5645A-14;950
JTC-5645A-15;70
JTC-5716A-S1;260
JTC-5716A-S2;90
JTC-5716A-S3;110
JTC-5716A-S4;165
JTC-3921-18;1200
JTC-3826A;1300
JTC-3826;1025
JTC-3828A;1280
JTC-3828;1050
JTC-3827A;1235
JTC-3827;970
JTC-3829A;1390
JTC-3829;1060
JTC-3202-17;990
JTC-3921-17;1035
JTC-5812-22;1360
JTC-3403A-09;3745
JTC-3921-30;42
JTC-5547;1650
JTC-5548;2170
JTC-6744;2500
JTC-3202-09;85
JTC-3921-09;85
JTC-3403A-08;155
JTC-3403A-18;275
JTC-5805;1030
JTC-5837;7365
JTC-3801;6200
JTC-3832;13850
JTC-3404;6440
JTC-3929;5350
JTC-3405;6360
JTC-3930B;5660
JTC-3930;5350
JTC-5719;8650
JTC-5718;8700
JTC-5644;4400
JTC-3830;10150
JTC-3821;11400
JTC-5052;16750
JTC-3831;6690
JTC-3737;185
JTC-3738;170
JTC-3748;545
JTC-3746;250
JTC-3747;355
JTC-3736;120
JTC-3338;980
JTC-3337;1025
JTC-3336;580
JTC-3339;1220
JTC-3330;660
JTC-3331;700
JTC-3328;440
JTC-3329;695
JTC-3332;730
JTC-3333;2805
JTC-3326;300
JTC-3327;300
JTC-5829;1160
JTC-5830;1230
JTC-3309-11;165
JTC-3309;4450
JTC-3310;5100
JTC-3340;16200
JTC-3310K;12750
JTC-5421;3670
JTC-3310-14;125
JTC-3837;8235
JTC-3833;7700
JTC-3320A;7550
JTC-3825A;18700
JTC-3321;3100
JTC-5446;45900
JTC-5813;49500
JTC-5814;61500
JTC-5901;69200
JTC-5223;74500
JTC-7660;33000
JTC-5812;11475
JTC-5335;11700
JTC-5436;13095
JTC-7657;9990
JTC-3834;13125
JTC-3401;11770
JTC-3921;9850
JTC-3202;9950
JTC-5001A;7560
JTC-5301;12080
JTC-7656;12300
JTC-5212;15100
JTC-3836;9150
JTC-7658;16200
JTC-5816;14300
JTC-3403;26000
JTC-5216;19000
JTC-7659;29700
JTC-5303;29900
JTC-5006;8670
JTC-5006A;8300
JTC-5301-23;100
JTC-5436-23;110
JTC-3202-19;75
JTC-5812-25;85
JTC-3403A-28;215
JTC-3921-19;85
JTC-3202-08A;1600
JTC-3921-08S;1705
JTC-5812-07S;2560
JTC-5212-07S;3100
JTC-3403A-07;3750
JTC-5816-07S;3360
JTC-3203-07-1;7800
JTC-5006-06;2750
JTC-3202-23;50
JTC-3401A-26;80
JTC-5001-26;200
JTC-5212-28;155
JTC-5301-25;190
JTC-5335-43;170
JTC-5436-26;280
JTC-5812-28;150
JTC-5814-11;350
JTC-3921-31;35
JTC-3403A-19;150
JTC-3921-26;100
JTC-3921-32;450
JTC-5001-07;1585
JTC-5001-08;580
JTC-3202-06;50
JTC-3202-07;35
JTC-3202-11;1615
JTC-3202-15;255
JTC-3202-21;265
JTC-3202-29;50
JTC-3202-33;225
JTC-3202-35;110
JTC-3202-36;145
JTC-3834-25;1220
JTC-3203-34-1+47-1;520
JTC-3203-47-1;85
JTC-3403A-04;75
JTC-3403A-05;75
JTC-3403A-06;40
JTC-3403A-07S;4960
JTC-3403A-10;1890
JTC-3834-05;340
JTC-3834-06;100
JTC-3834-07;100
JTC-3834-15;55
JTC-3834-16;380
JTC-3834-17;1270
JTC-3834-18;1585
JTC-3834-19;105
JTC-3834-20;3750
JTC-3834-22;205
JTC-3834-26S;2480
JTC-3834-31;400
JTC-3834-32;50
JTC-3834-33;60
JTC-3834-34F;125
JTC-3834-34R;125
JTC-3834-35;50
JTC-3834-40;70
JTC-3836-32;50
JTC-3921-06;70
JTC-3921-07;35
JTC-3921-15;330
JTC-3921-21;265
JTC-3921-29;35
JTC-3921-25;40
JTC-5001-04;85
JTC-5001-05;55
JTC-5001-06S;1790
JTC-5001-10;170
JTC-5001-20;1050
JTC-5001-23;70
JTC-5001-27;660
JTC-5001-29;85
JTC-5001-28+30;340
JTC-5001-31;100
JTC-5001-32;35
JTC-5001A-04;50
JTC-5006-06S;2655
JTC-5212-15;120
JTC-5212-16;120
JTC-5212-17;140
JTC-5212-20;330
JTC-5212-21;880
JTC-5212-22;1500
JTC-5212-24;1520
JTC-5212-25;115
JTC-5212-26;850
JTC-5212-27;270
JTC-5212-30;35
JTC-5216-01;50
JTC-5216-02;1880
JTC-5216-04;80
JTC-5216-09;2560
JTC-5216-10;1150
JTC-5216-12;180
JTC-5216-13;55
JTC-5216-14;35
JTC-5216-15;130
JTC-5216-16;130
JTC-5216-20;325
JTC-5216-21;960
JTC-5216-22;1585
JTC-5216-23;85
JTC-5216-24;1650
JTC-5216-25;115
JTC-5216-26;900
JTC-5216-27;275
JTC-5216-28;155
JTC-5216-31;600
JTC-5216-32;60
JTC-5216-33;35
JTC-5216-34;55
JTC-5216-7S;3490
JTC-5223-12S;14400
JTC-5223-15;4650
JTC-5223-16;170
JTC-5223-29;425
JTC-5223-35;680
JTC-5301-07S;2325
JTC-5301-10;1100
JTC-5303-01;50
JTC-5303-02;2950
JTC-5303-07S;5660
JTC-5303-08;215
JTC-5303-09;4960
JTC-5303-21;835
JTC-5303-24;3870
JTC-5303-26;3800
JTC-5303-27;240
JTC-5303-29;545
JTC-5303-30;545
JTC-5303-31;1590
JTC-5303-32;35
JTC-5303-33;1430
JTC-5303-34;50
JTC-5303-35;50
JTC-5303-05;85
JTC-5335-02B;65
JTC-5335-12;310
JTC-5335-13;2400
JTC-5335-14;155
JTC-5335-15;2550
JTC-5335-16;1500
JTC-5335-17;350
JTC-5335-19;35
JTC-5335-21;40
JTC-5335-22;1540
JTC-5335-23;45
JTC-5335-24;330
JTC-5335-25;40
JTC-5335-26;85
JTC-5335-27;40
JTC-5335-29;50
JTC-5335-30;55
JTC-5335-32;300
JTC-5335-33;110
JTC-5335-35;105
JTC-5335-31;85
JTC-5335-38;45
JTC-5335-40;50
JTC-5335-52B;55
JTC-5335-53B;135
JTC-5335-06BS;2480
JTC-5335-01BS;2150
JTC-5436-04;85
JTC-5436-09;2620
JTC-5436-10;990
JTC-5436-12;185
JTC-5436-13;115
JTC-5436-14;115
JTC-5436-15;140
JTC-5436-18;395
JTC-5436-19;1070
JTC-5436-20;1400
JTC-5436-22;1500
JTC-5436-24;945
JTC-5436-25;340
JTC-5436-27;660
JTC-5436-28;50
JTC-5436-29;580
JTC-5436-32;45
JTC-5436-07S;3070
JTC-5812-04;70
JTC-5812-05;50
JTC-5812-06;20
JTC-5812-10;940
JTC-5812-15;125
JTC-5812-16;125
JTC-5812-17;125
JTC-5812-20;315
JTC-5812-21;860
JTC-5812-24;1450
JTC-5812-26;820
JTC-5812-27;265
JTC-5812-29;825
JTC-5812-30;35
JTC-5812-34;45
JTC-5812-09;2170
JTC-5813-08S;12300
JTC-5813-27;305
JTC-5813-29;140
JTC-5813-30;35
JTC-5813-31;765
JTC-5813-32;35
JTC-5813-33;35
JTC-5813-34;35
JTC-5813-35;35
JTC-5813-36;255
JTC-5813-37;650
JTC-5813-38;35
JTC-5813-39;1200
JTC-5813-40;35
JTC-5813-41;35
JTC-5813-42;35
JTC-5813-46;800
JTC-5813-47;35
JTC-5813-48;120
JTC-5813-49;120
JTC-5813-50;35
JTC-5813-51;35
JTC-5813-52;765
JTC-5814-05;12835
JTC-5814-07;6850
JTC-5814-08;6510
JTC-5814-10;490
JTC-5814-12;7280
JTC-5814-14;1220
JTC-5814-17;910
JTC-5814-21;395
JTC-5816-01;55
JTC-5816-04;70
JTC-5816-09;2250
JTC-5816-10;980
JTC-5816-15;150
JTC-5816-16;125
JTC-5816-17;135
JTC-5816-20;340
JTC-5816-25;85
JTC-5816-27;280
JTC-5816-28;145
JTC-5816-29;835
JTC-5816-30;35
JTC-5816-31;565
JTC-5816-32;50
JTC-5816-33;35
JTC-5818-28;340
JTC-5818-38;255
JTC-5818-09;300
JTC-5818-15;1385
JTC-5818-06S;4365
JTC-5818-33;35
JTC-5818-16;165
JTC-5818-07;225
JTC-5901-08S;16350
JTC-5901-10;3750
JTC-5901-13;120
JTC-5901-15;2850
JTC-5901-16;1440
JTC-5901-26;625
JTC-5901-27;1220
JTC-5901-28;390
JTC-5901-31;55
JTC-5901-32;55
JTC-5901-35;45
JTC-5901-36;205
JTC-5901-37;140
JTC-5901-38;140
JTC-5901-39;60
JTC-5901-40;55
JTC-5901-42;60
JTC-5901-43;1155
JTC-5901-45;60
JTC-5901-46;85
JTC-5901-47;60
JTC-5901-52;45
JTC-7656-07S;2250
JTC-7656-09;1800
JTC-7656-10;1160
JTC-7656-11;2775
JTC-7656-13;155
JTC-7656-14;155
JTC-7656-15;155
JTC-7656-18;460
JTC-7656-19;960
JTC-7656-20;1280
JTC-7656-22;1330
JTC-7656-23;95
JTC-7656-24;945
JTC-7656-25;290
JTC-7656-26;800
JTC-7656-28;565
JTC-7657-08;45
JTC-7657-11;85
JTC-7657-12;235
JTC-7657-14;35
JTC-7657-16;155
JTC-7657-18;460
JTC-7657-21;45
JTC-7657-22;35
JTC-7657-23;1250
JTC-7657-26;155
JTC-7657-27;35
JTC-7657-28;170
JTC-7657-29;850
JTC-7657-30;2025
JTC-7657-31;35
JTC-7657-32;65
JTC-7657-33;1800
JTC-7657-35;960
JTC-7657-36;205
JTC-7657-37;2025
JTC-7657-38;900
JTC-7657-40S;2825
JTC-7658-02;35
JTC-7658-03;325
JTC-7658-09;35
JTC-7658-10;35
JTC-7658-11;85
JTC-7658-12;235
JTC-7658-14;35
JTC-5005-A1;105
JTC-5904;9250
JTC-5054;12000
JTC-3824;5000
JTC-3822;3050
JTC-3101;2650
JTC-3823;4590
JTC-5645A;4495
JTC-5815;5500
JTC-5642;7250
JTC-3101-15;255
JTC-3101-17;360
JTC-3101-18;25
JTC-3101-19;50
JTC-3101-21;40
JTC-3101-23;265
JTC-3101-27;300
JTC-3822-02;130
JTC-3822-03;260
JTC-3822-07;310
JTC-3822-09;25
JTC-3822-10;310
JTC-3822-11;40
JTC-3822-13;40
JTC-3822-14;215
JTC-3822-15;290
JTC-5645A-21;560
JTC-5850;75
JTC-5847;80
JTC-5848;75
JTC-5849;80
JTC-5806P;595
JTC-3732;400
JTC-3731;400
JTC-5846;105
JTC-5842;105
JTC-JW0872-60;95
JTC-5843;105
JTC-JW0872-80;95
JTC-5844;105
JTC-JW0872-100;95
JTC-5841;105
JTC-JW0872-40;95
JTC-5806;550
JTC-5845;105
JTC-5053;9350
JTC-5716A;7650
JTC-7728;37700
JTC-7727;25800
JTC-5819;11500
JTC-5235;22550
JTC-5114-07;530
JTC-5114-07A;530
JTC-5114-08;300
JTC-5114-08A;300
JTC-JW0900-11761-P;2870
JTC-JW0900-11762-P;2870
JTC-JW0900-11763-P;2900
JTC-JW0900-11764-P;3400
JTC-JW0900-11765-P;3400
JTC-JW0900-11766-P;2870
JTC-JW0900-11771-P;2870
JTC-5821A-S3;520
JTC-5821A-S4;555
JTC-5218N-A5;660
JTC-5821A-S5;570
JTC-5218N-A6;660
JTC-5821A-S6;545
JTC-5218N-A8;720
JTC-5218N-A10;650
JTC-5312;660
JTC-5310;380
JTC-5911;1280
JTC-5065;2490
JTC-5646P;120
JTC-5642A;1300
JTC-5642B;980
JTC-5005B;140
JTC-5005K;10500
JTC-5646A;10400
JTC-5005;7680
JTC-5643;14250
JTC-7779;11400
JTC-5343;13880
JTC-5342;4290
JTC-5342-W2;2080
JTC-5342-W3;1555
JTC-5342-W4;1370
JTC-5342-W5;425
JTC-5342-W6S;530
JTC-5342-W8;100
JTC-5510-29S;6400
JTC-5558;6550
JTC-5555;4580
JTC-JW0889-803;4580
JTC-JW0889-833;6060
JTC-5532;355
JTC-6741;5110
JTC-4077-2;1520
JTC-5062;1600
JTC-5063;2050
JTC-K4251;5720
JTC-K8141;5130
JTC-5129;1030
JTC-K8071;3840
JTC-K4087;7700
JTC-K4222;3645
JTC-K4162;4500
JTC-K4172;5000
JTC-K4122;6400
JTC-K4221;3850
JTC-K4161;4185
JTC-K4171;4970
JTC-K4141;4500
JTC-K4151;6050
JTC-K4121;5400
JTC-K4223;5150
JTC-K4181;7700
JTC-K4191;9100
JTC-K4152;5270
JTC-K2732;5690
JTC-K2731;6050
JTC-K2733;6315
JTC-K3231;4110
JTC-K3232;3950
JTC-K3161;3350
JTC-K3191;4000
JTC-K3411;5145
JTC-K3082;7400
JTC-I4100S;90500
JTC-B108;31700
JTC-UB1109;18900
JTC-I4115S;79700
JTC-MB1116;18650
JTC-BW1119;16100
JTC-US1119;16470
JTC-UB4012;14250
JTC-VA1123;18900
JTC-UB3013;18000
JTC-UP4014V;14100
JTC-UP4014B;14500
JTC-UP4014M;14250
JTC-UE1016;30500
JTC-UW3018;23650
JTC-H216C-B72;14400
JTC-K4241;7450
JTC-BW3026;10650
JTC-UW2027;33500
JTC-K5031;4200
JTC-US3032;13700
JTC-VA2035;15300
JTC-UW1036;11100
JTC-K5042;6550
JTC-K1401;5195
JTC-US2040;12600
JTC-UE3041;31000
JTC-MB2042;15520
JTC-VA3043;11650
JTC-UB2043;14100
JTC-MB3045;12300
JTC-BW2048;14990
JTC-K8051;4805
JTC-UE2060;15650
JTC-UF1064;11700
JTC-K4081;4900
JTC-K4082;4620
JTC-K4083;4900
JTC-K5043;4490
JTC-K8261;9000
JTC-39311;11850
JTC-39312;15550
JTC-39313;17300
JTC-7663K1;11800
JTC-7663K2;14630
JTC-UI5037;36700
JTC-K6084;6180
JTC-K6085;7050
JTC-K6172;4730
JTC-K6171;6500
JTC-K6141;8100
JTC-K6081;3950
JTC-K6082;4500
JTC-K6083;5120
JTC-K6061;4290
JTC-K6161;5400
JTC-K6102;4650
JTC-K6101;4490
JTC-6707;4850
JTC-K6086;9050
JTC-K6103;3800
JTC-K6072;4950
JTC-K6142;13280
JTC-K8053;3750
JTC-K7084;3650
JTC-K7093;3050
JTC-5526;1100
JTC-5527;1120
JTC-K7081;3460
JTC-K7082;2550
JTC-K7102;3180
JTC-7644;1770
JTC-7642;1190
JTC-7643;1590
JTC-7641;950
JTC-K4088;3690
JTC-K1111;2950
JTC-K1112;3350
JTC-5060;3350
JTC-5061;2175
JTC-5637;1550
JTC-K5041;3430
JTC-K5044;4650
JTC-3931+225;95900
JTC-3931+344;132300
JTC-3931+5639+578;224000
JTC-3931S;84900
JTC-5021+225;104000
JTC-5021+279;123900
JTC-5021+344;141900
JTC-5641;72700
JTC-5641+496;202500
JTC-5921;14100
JTC-S1053;7500
JTC-S1073;12900
JTC-5516;21000
JTC-5515;27700
JTC-S1065;22815
JTC-S1638;42390
JTC-3931C;35000
JTC-S1068;41917,5
JTC-S1067;50625
JTC-S1070;49275
JTC-5021C;43500
JTC-S1074;38137,5
JTC-3931;45500
JTC-5021;53800
JTC-3931+3011;67300
JTC-5640;37900
JTC-H4137P;11250
JTC-5639;26200
JTC-3011;17500
JTC-K3081;7520
JTC-5336;8400
JTC-6617;14700
JTC-7654;43200
JTC-5508;14840
JTC-5509;17900
JTC-5507;4270
